OMRÅDE;OVERTRÆD;TID;INDHOLD
Hele landet;Straffelov i alt;2025K1;75797
Hele landet;Voldsforbrydelser i alt;2025K1;6739
Hele landet;Vold og lignende mod offentlig myndighed;2025K1;1684
Hele landet;Opløb/forstyrrelse af offentlig orden;2025K1;40
Hele landet;Uagtsomt manddrab/legemsbeskadigelse;2025K1;9
Hele landet;Indbrud i beboelser;2025K1;3705
Hele landet;Butikstyverier mv.;2025K1;6711
Hele landet;Tyveri/brugstyveri af cykel;2025K1;9440
Hele landet;Røveri;2025K1;291
Hele landet;Hærværk;2025K1;5791
Region Nordjylland;Straffelov i alt;2025K1;4530
Region Nordjylland;Voldsforbrydelser i alt;2025K1;492
Region Nordjylland;Vold og lignende mod offentlig myndighed;2025K1;133
Region Nordjylland;Uagtsomt manddrab/legemsbeskadigelse;2025K1;1
Region Nordjylland;Indbrud i beboelser;2025K1;212
Region Nordjylland;Butikstyverier mv.;2025K1;501
Region Nordjylland;Tyveri/brugstyveri af cykel;2025K1;412
Region Nordjylland;Røveri;2025K1;13
Region Nordjylland;Hærværk;2025K1;412
Region Midtjylland;Straffelov i alt;2025K1;12898
Region Midtjylland;Voldsforbrydelser i alt;2025K1;1252
Region Midtjylland;Vold og lignende mod offentlig myndighed;2025K1;368
Region Midtjylland;Opløb/forstyrrelse af offentlig orden;2025K1;25
Region Midtjylland;Uagtsomt manddrab/legemsbeskadigelse;2025K1;2
Region Midtjylland;Indbrud i beboelser;2025K1;969
Region Midtjylland;Butikstyverier mv.;2025K1;1332
Region Midtjylland;Tyveri/brugstyveri af cykel;2025K1;1600
Region Midtjylland;Røveri;2025K1;44
Region Midtjylland;Hærværk;2025K1;862
Region Syddanmark;Straffelov i alt;2025K1;11929
Region Syddanmark;Voldsforbrydelser i alt;2025K1;1392
Region Syddanmark;Vold og lignende mod offentlig myndighed;2025K1;431
Region Syddanmark;Uagtsomt manddrab/legemsbeskadigelse;2025K1;2
Region Syddanmark;Indbrud i beboelser;2025K1;779
Region Syddanmark;Butikstyverier mv.;2025K1;1347
Region Syddanmark;Tyveri/brugstyveri af cykel;2025K1;1071
Region Syddanmark;Røveri;2025K1;47
Region Syddanmark;Hærværk;2025K1;889
Region Hovedstaden;Straffelov i alt;2025K1;31375
Region Hovedstaden;Voldsforbrydelser i alt;2025K1;2178
Region Hovedstaden;Vold og lignende mod offentlig myndighed;2025K1;424
Region Hovedstaden;Opløb/forstyrrelse af offentlig orden;2025K1;8
Region Hovedstaden;Uagtsomt manddrab/legemsbeskadigelse;2025K1;1
Region Hovedstaden;Indbrud i beboelser;2025K1;1259
Region Hovedstaden;Butikstyverier mv.;2025K1;2722
Region Hovedstaden;Tyveri/brugstyveri af cykel;2025K1;5890
Region Hovedstaden;Røveri;2025K1;148
Region Hovedstaden;Hærværk;2025K1;2960
Region Sjælland;Straffelov i alt;2025K1;8205
Region Sjælland;Voldsforbrydelser i alt;2025K1;1081
Region Sjælland;Vold og lignende mod offentlig myndighed;2025K1;290
Region Sjælland;Opløb/forstyrrelse af offentlig orden;2025K1;7
Region Sjælland;Uagtsomt manddrab/legemsbeskadigelse;2025K1;3
Region Sjælland;Indbrud i beboelser;2025K1;485
Region Sjælland;Butikstyverier mv.;2025K1;804
Region Sjælland;Tyveri/brugstyveri af cykel;2025K1;461
Region Sjælland;Røveri;2025K1;36
Region Sjælland;Hærværk;2025K1;662
København;Straffelov i alt;2025K1;16072
København;Voldsforbrydelser i alt;2025K1;951
København;Vold og lignende mod offentlig myndighed;2025K1;236
København;Opløb/forstyrrelse af offentlig orden;2025K1;1
København;Indbrud i beboelser;2025K1;201
København;Butikstyverier mv.;2025K1;1335
København;Tyveri/brugstyveri af cykel;2025K1;3653
København;Røveri;2025K1;78
København;Hærværk;2025K1;2106
Frederiksberg;Straffelov i alt;2025K1;1758
Frederiksberg;Voldsforbrydelser i alt;2025K1;71
Frederiksberg;Vold og lignende mod offentlig myndighed;2025K1;6
Frederiksberg;Indbrud i beboelser;2025K1;47
Frederiksberg;Butikstyverier mv.;2025K1;181
Frederiksberg;Tyveri/brugstyveri af cykel;2025K1;474
Frederiksberg;Røveri;2025K1;12
Frederiksberg;Hærværk;2025K1;81
Ballerup;Straffelov i alt;2025K1;688
Ballerup;Voldsforbrydelser i alt;2025K1;51
Ballerup;Vold og lignende mod offentlig myndighed;2025K1;9
Ballerup;Indbrud i beboelser;2025K1;27
Ballerup;Butikstyverier mv.;2025K1;92
Ballerup;Tyveri/brugstyveri af cykel;2025K1;106
Ballerup;Røveri;2025K1;3
Ballerup;Hærværk;2025K1;31
Brøndby;Straffelov i alt;2025K1;524
Brøndby;Voldsforbrydelser i alt;2025K1;50
Brøndby;Vold og lignende mod offentlig myndighed;2025K1;8
Brøndby;Opløb/forstyrrelse af offentlig orden;2025K1;5
Brøndby;Indbrud i beboelser;2025K1;28
Brøndby;Butikstyverier mv.;2025K1;69
Brøndby;Tyveri/brugstyveri af cykel;2025K1;42
Brøndby;Røveri;2025K1;2
Brøndby;Hærværk;2025K1;32
Dragør;Straffelov i alt;2025K1;103
Dragør;Voldsforbrydelser i alt;2025K1;9
Dragør;Indbrud i beboelser;2025K1;9
Dragør;Butikstyverier mv.;2025K1;2
Dragør;Tyveri/brugstyveri af cykel;2025K1;7
Dragør;Røveri;2025K1;1
Dragør;Hærværk;2025K1;6
Gentofte;Straffelov i alt;2025K1;1044
Gentofte;Voldsforbrydelser i alt;2025K1;69
Gentofte;Vold og lignende mod offentlig myndighed;2025K1;22
Gentofte;Indbrud i beboelser;2025K1;135
Gentofte;Butikstyverier mv.;2025K1;36
Gentofte;Tyveri/brugstyveri af cykel;2025K1;177
Gentofte;Røveri;2025K1;5
Gentofte;Hærværk;2025K1;63
Gladsaxe;Straffelov i alt;2025K1;843
Gladsaxe;Voldsforbrydelser i alt;2025K1;68
Gladsaxe;Vold og lignende mod offentlig myndighed;2025K1;9
Gladsaxe;Indbrud i beboelser;2025K1;91
Gladsaxe;Butikstyverier mv.;2025K1;68
Gladsaxe;Tyveri/brugstyveri af cykel;2025K1;154
Gladsaxe;Røveri;2025K1;5
Gladsaxe;Hærværk;2025K1;57
Glostrup;Straffelov i alt;2025K1;536
Glostrup;Voldsforbrydelser i alt;2025K1;43
Glostrup;Vold og lignende mod offentlig myndighed;2025K1;11
Glostrup;Indbrud i beboelser;2025K1;36
Glostrup;Butikstyverier mv.;2025K1;46
Glostrup;Tyveri/brugstyveri af cykel;2025K1;82
Glostrup;Røveri;2025K1;1
Glostrup;Hærværk;2025K1;25
Herlev;Straffelov i alt;2025K1;428
Herlev;Voldsforbrydelser i alt;2025K1;36
Herlev;Vold og lignende mod offentlig myndighed;2025K1;5
Herlev;Indbrud i beboelser;2025K1;22
Herlev;Butikstyverier mv.;2025K1;53
Herlev;Tyveri/brugstyveri af cykel;2025K1;71
Herlev;Røveri;2025K1;5
Herlev;Hærværk;2025K1;20
Albertslund;Straffelov i alt;2025K1;353
Albertslund;Voldsforbrydelser i alt;2025K1;41
Albertslund;Vold og lignende mod offentlig myndighed;2025K1;4
Albertslund;Indbrud i beboelser;2025K1;20
Albertslund;Butikstyverier mv.;2025K1;25
Albertslund;Tyveri/brugstyveri af cykel;2025K1;56
Albertslund;Hærværk;2025K1;20
Hvidovre;Straffelov i alt;2025K1;741
Hvidovre;Voldsforbrydelser i alt;2025K1;57
Hvidovre;Vold og lignende mod offentlig myndighed;2025K1;18
Hvidovre;Indbrud i beboelser;2025K1;34
Hvidovre;Butikstyverier mv.;2025K1;81
Hvidovre;Tyveri/brugstyveri af cykel;2025K1;176
Hvidovre;Røveri;2025K1;4
Hvidovre;Hærværk;2025K1;37
Høje-Taastrup;Straffelov i alt;2025K1;613
Høje-Taastrup;Voldsforbrydelser i alt;2025K1;75
Høje-Taastrup;Vold og lignende mod offentlig myndighed;2025K1;9
Høje-Taastrup;Uagtsomt manddrab/legemsbeskadigelse;2025K1;1
Høje-Taastrup;Indbrud i beboelser;2025K1;22
Høje-Taastrup;Butikstyverier mv.;2025K1;58
Høje-Taastrup;Tyveri/brugstyveri af cykel;2025K1;36
Høje-Taastrup;Røveri;2025K1;2
Høje-Taastrup;Hærværk;2025K1;47
Lyngby-Taarbæk;Straffelov i alt;2025K1;759
Lyngby-Taarbæk;Voldsforbrydelser i alt;2025K1;47
Lyngby-Taarbæk;Vold og lignende mod offentlig myndighed;2025K1;4
Lyngby-Taarbæk;Indbrud i beboelser;2025K1;84
Lyngby-Taarbæk;Butikstyverier mv.;2025K1;73
Lyngby-Taarbæk;Tyveri/brugstyveri af cykel;2025K1;143
Lyngby-Taarbæk;Røveri;2025K1;4
Lyngby-Taarbæk;Hærværk;2025K1;32
Rødovre;Straffelov i alt;2025K1;568
Rødovre;Voldsforbrydelser i alt;2025K1;30
Rødovre;Vold og lignende mod offentlig myndighed;2025K1;2
Rødovre;Indbrud i beboelser;2025K1;39
Rødovre;Butikstyverier mv.;2025K1;116
Rødovre;Tyveri/brugstyveri af cykel;2025K1;75
Rødovre;Røveri;2025K1;5
Rødovre;Hærværk;2025K1;33
Ishøj;Straffelov i alt;2025K1;281
Ishøj;Voldsforbrydelser i alt;2025K1;34
Ishøj;Vold og lignende mod offentlig myndighed;2025K1;5
Ishøj;Indbrud i beboelser;2025K1;8
Ishøj;Butikstyverier mv.;2025K1;66
Ishøj;Tyveri/brugstyveri af cykel;2025K1;18
Ishøj;Røveri;2025K1;1
Ishøj;Hærværk;2025K1;21
Tårnby;Straffelov i alt;2025K1;839
Tårnby;Voldsforbrydelser i alt;2025K1;54
Tårnby;Vold og lignende mod offentlig myndighed;2025K1;6
Tårnby;Opløb/forstyrrelse af offentlig orden;2025K1;2
Tårnby;Indbrud i beboelser;2025K1;12
Tårnby;Butikstyverier mv.;2025K1;85
Tårnby;Tyveri/brugstyveri af cykel;2025K1;102
Tårnby;Røveri;2025K1;6
Tårnby;Hærværk;2025K1;52
Vallensbæk;Straffelov i alt;2025K1;123
Vallensbæk;Voldsforbrydelser i alt;2025K1;12
Vallensbæk;Indbrud i beboelser;2025K1;17
Vallensbæk;Butikstyverier mv.;2025K1;16
Vallensbæk;Tyveri/brugstyveri af cykel;2025K1;7
Vallensbæk;Hærværk;2025K1;8
Furesø;Straffelov i alt;2025K1;376
Furesø;Voldsforbrydelser i alt;2025K1;39
Furesø;Vold og lignende mod offentlig myndighed;2025K1;1
Furesø;Indbrud i beboelser;2025K1;43
Furesø;Butikstyverier mv.;2025K1;26
Furesø;Tyveri/brugstyveri af cykel;2025K1;62
Furesø;Hærværk;2025K1;22
Allerød;Straffelov i alt;2025K1;217
Allerød;Voldsforbrydelser i alt;2025K1;16
Allerød;Vold og lignende mod offentlig myndighed;2025K1;5
Allerød;Indbrud i beboelser;2025K1;16
Allerød;Butikstyverier mv.;2025K1;6
Allerød;Tyveri/brugstyveri af cykel;2025K1;44
Allerød;Røveri;2025K1;1
Allerød;Hærværk;2025K1;8
Fredensborg;Straffelov i alt;2025K1;350
Fredensborg;Voldsforbrydelser i alt;2025K1;41
Fredensborg;Vold og lignende mod offentlig myndighed;2025K1;10
Fredensborg;Indbrud i beboelser;2025K1;48
Fredensborg;Butikstyverier mv.;2025K1;45
Fredensborg;Tyveri/brugstyveri af cykel;2025K1;31
Fredensborg;Hærværk;2025K1;18
Helsingør;Straffelov i alt;2025K1;782
Helsingør;Voldsforbrydelser i alt;2025K1;83
Helsingør;Vold og lignende mod offentlig myndighed;2025K1;15
Helsingør;Indbrud i beboelser;2025K1;102
Helsingør;Butikstyverier mv.;2025K1;56
Helsingør;Tyveri/brugstyveri af cykel;2025K1;65
Helsingør;Røveri;2025K1;4
Helsingør;Hærværk;2025K1;58
Hillerød;Straffelov i alt;2025K1;976
Hillerød;Voldsforbrydelser i alt;2025K1;69
Hillerød;Vold og lignende mod offentlig myndighed;2025K1;8
Hillerød;Indbrud i beboelser;2025K1;31
Hillerød;Butikstyverier mv.;2025K1;70
Hillerød;Tyveri/brugstyveri af cykel;2025K1;77
Hillerød;Røveri;2025K1;2
Hillerød;Hærværk;2025K1;22
Hørsholm;Straffelov i alt;2025K1;250
Hørsholm;Voldsforbrydelser i alt;2025K1;29
Hørsholm;Vold og lignende mod offentlig myndighed;2025K1;3
Hørsholm;Indbrud i beboelser;2025K1;39
Hørsholm;Butikstyverier mv.;2025K1;8
Hørsholm;Tyveri/brugstyveri af cykel;2025K1;25
Hørsholm;Hærværk;2025K1;11
Rudersdal;Straffelov i alt;2025K1;545
Rudersdal;Voldsforbrydelser i alt;2025K1;41
Rudersdal;Vold og lignende mod offentlig myndighed;2025K1;4
Rudersdal;Indbrud i beboelser;2025K1;67
Rudersdal;Butikstyverier mv.;2025K1;18
Rudersdal;Tyveri/brugstyveri af cykel;2025K1;99
Rudersdal;Røveri;2025K1;1
Rudersdal;Hærværk;2025K1;30
Egedal;Straffelov i alt;2025K1;389
Egedal;Voldsforbrydelser i alt;2025K1;19
Egedal;Vold og lignende mod offentlig myndighed;2025K1;3
Egedal;Indbrud i beboelser;2025K1;28
Egedal;Butikstyverier mv.;2025K1;23
Egedal;Tyveri/brugstyveri af cykel;2025K1;41
Egedal;Røveri;2025K1;1
Egedal;Hærværk;2025K1;18
Frederikssund;Straffelov i alt;2025K1;444
Frederikssund;Voldsforbrydelser i alt;2025K1;44
Frederikssund;Vold og lignende mod offentlig myndighed;2025K1;10
Frederikssund;Indbrud i beboelser;2025K1;29
Frederikssund;Butikstyverier mv.;2025K1;28
Frederikssund;Tyveri/brugstyveri af cykel;2025K1;30
Frederikssund;Røveri;2025K1;1
Frederikssund;Hærværk;2025K1;21
Greve;Straffelov i alt;2025K1;438
Greve;Voldsforbrydelser i alt;2025K1;34
Greve;Indbrud i beboelser;2025K1;38
Greve;Butikstyverier mv.;2025K1;58
Greve;Tyveri/brugstyveri af cykel;2025K1;31
Greve;Røveri;2025K1;3
Greve;Hærværk;2025K1;34
Køge;Straffelov i alt;2025K1;749
Køge;Voldsforbrydelser i alt;2025K1;73
Køge;Vold og lignende mod offentlig myndighed;2025K1;15
Køge;Uagtsomt manddrab/legemsbeskadigelse;2025K1;1
Køge;Indbrud i beboelser;2025K1;34
Køge;Butikstyverier mv.;2025K1;119
Køge;Tyveri/brugstyveri af cykel;2025K1;57
Køge;Røveri;2025K1;4
Køge;Hærværk;2025K1;41
Halsnæs;Straffelov i alt;2025K1;250
Halsnæs;Voldsforbrydelser i alt;2025K1;30
Halsnæs;Indbrud i beboelser;2025K1;11
Halsnæs;Butikstyverier mv.;2025K1;16
Halsnæs;Tyveri/brugstyveri af cykel;2025K1;10
Halsnæs;Røveri;2025K1;2
Halsnæs;Hærværk;2025K1;14
Roskilde;Straffelov i alt;2025K1;862
Roskilde;Voldsforbrydelser i alt;2025K1;108
Roskilde;Vold og lignende mod offentlig myndighed;2025K1;24
Roskilde;Indbrud i beboelser;2025K1;30
Roskilde;Butikstyverier mv.;2025K1;105
Roskilde;Tyveri/brugstyveri af cykel;2025K1;98
Roskilde;Røveri;2025K1;3
Roskilde;Hærværk;2025K1;54
Solrød;Straffelov i alt;2025K1;167
Solrød;Voldsforbrydelser i alt;2025K1;23
Solrød;Vold og lignende mod offentlig myndighed;2025K1;6
Solrød;Indbrud i beboelser;2025K1;13
Solrød;Butikstyverier mv.;2025K1;18
Solrød;Tyveri/brugstyveri af cykel;2025K1;12
Solrød;Hærværk;2025K1;4
Gribskov;Straffelov i alt;2025K1;312
Gribskov;Voldsforbrydelser i alt;2025K1;37
Gribskov;Vold og lignende mod offentlig myndighed;2025K1;8
Gribskov;Indbrud i beboelser;2025K1;8
Gribskov;Butikstyverier mv.;2025K1;13
Gribskov;Tyveri/brugstyveri af cykel;2025K1;12
Gribskov;Hærværk;2025K1;24
Odsherred;Straffelov i alt;2025K1;375
Odsherred;Voldsforbrydelser i alt;2025K1;69
Odsherred;Vold og lignende mod offentlig myndighed;2025K1;29
Odsherred;Indbrud i beboelser;2025K1;32
Odsherred;Butikstyverier mv.;2025K1;16
Odsherred;Tyveri/brugstyveri af cykel;2025K1;12
Odsherred;Røveri;2025K1;3
Odsherred;Hærværk;2025K1;32
Holbæk;Straffelov i alt;2025K1;816
Holbæk;Voldsforbrydelser i alt;2025K1;91
Holbæk;Vold og lignende mod offentlig myndighed;2025K1;35
Holbæk;Uagtsomt manddrab/legemsbeskadigelse;2025K1;1
Holbæk;Indbrud i beboelser;2025K1;52
Holbæk;Butikstyverier mv.;2025K1;92
Holbæk;Tyveri/brugstyveri af cykel;2025K1;32
Holbæk;Røveri;2025K1;2
Holbæk;Hærværk;2025K1;48
Faxe;Straffelov i alt;2025K1;329
Faxe;Voldsforbrydelser i alt;2025K1;49
Faxe;Vold og lignende mod offentlig myndighed;2025K1;11
Faxe;Indbrud i beboelser;2025K1;16
Faxe;Butikstyverier mv.;2025K1;32
Faxe;Tyveri/brugstyveri af cykel;2025K1;14
Faxe;Røveri;2025K1;1
Faxe;Hærværk;2025K1;31
Kalundborg;Straffelov i alt;2025K1;389
Kalundborg;Voldsforbrydelser i alt;2025K1;40
Kalundborg;Vold og lignende mod offentlig myndighed;2025K1;8
Kalundborg;Indbrud i beboelser;2025K1;19
Kalundborg;Butikstyverier mv.;2025K1;35
Kalundborg;Tyveri/brugstyveri af cykel;2025K1;9
Kalundborg;Hærværk;2025K1;46
Ringsted;Straffelov i alt;2025K1;365
Ringsted;Voldsforbrydelser i alt;2025K1;40
Ringsted;Vold og lignende mod offentlig myndighed;2025K1;4
Ringsted;Indbrud i beboelser;2025K1;15
Ringsted;Butikstyverier mv.;2025K1;66
Ringsted;Tyveri/brugstyveri af cykel;2025K1;18
Ringsted;Røveri;2025K1;5
Ringsted;Hærværk;2025K1;37
Slagelse;Straffelov i alt;2025K1;921
Slagelse;Voldsforbrydelser i alt;2025K1;142
Slagelse;Vold og lignende mod offentlig myndighed;2025K1;47
Slagelse;Uagtsomt manddrab/legemsbeskadigelse;2025K1;1
Slagelse;Indbrud i beboelser;2025K1;50
Slagelse;Butikstyverier mv.;2025K1;71
Slagelse;Tyveri/brugstyveri af cykel;2025K1;35
Slagelse;Røveri;2025K1;1
Slagelse;Hærværk;2025K1;72
Stevns;Straffelov i alt;2025K1;133
Stevns;Voldsforbrydelser i alt;2025K1;32
Stevns;Vold og lignende mod offentlig myndighed;2025K1;20
Stevns;Indbrud i beboelser;2025K1;4
Stevns;Tyveri/brugstyveri af cykel;2025K1;1
Stevns;Hærværk;2025K1;10
Sorø;Straffelov i alt;2025K1;282
Sorø;Voldsforbrydelser i alt;2025K1;22
Sorø;Vold og lignende mod offentlig myndighed;2025K1;7
Sorø;Indbrud i beboelser;2025K1;20
Sorø;Butikstyverier mv.;2025K1;11
Sorø;Tyveri/brugstyveri af cykel;2025K1;20
Sorø;Røveri;2025K1;1
Sorø;Hærværk;2025K1;27
Lejre;Straffelov i alt;2025K1;199
Lejre;Voldsforbrydelser i alt;2025K1;34
Lejre;Vold og lignende mod offentlig myndighed;2025K1;10
Lejre;Indbrud i beboelser;2025K1;15
Lejre;Butikstyverier mv.;2025K1;8
Lejre;Tyveri/brugstyveri af cykel;2025K1;12
Lejre;Røveri;2025K1;1
Lejre;Hærværk;2025K1;16
Lolland;Straffelov i alt;2025K1;444
Lolland;Voldsforbrydelser i alt;2025K1;72
Lolland;Vold og lignende mod offentlig myndighed;2025K1;25
Lolland;Indbrud i beboelser;2025K1;28
Lolland;Butikstyverier mv.;2025K1;30
Lolland;Tyveri/brugstyveri af cykel;2025K1;17
Lolland;Røveri;2025K1;2
Lolland;Hærværk;2025K1;52
Næstved;Straffelov i alt;2025K1;858
Næstved;Voldsforbrydelser i alt;2025K1;109
Næstved;Vold og lignende mod offentlig myndighed;2025K1;10
Næstved;Opløb/forstyrrelse af offentlig orden;2025K1;6
Næstved;Indbrud i beboelser;2025K1;53
Næstved;Butikstyverier mv.;2025K1;81
Næstved;Tyveri/brugstyveri af cykel;2025K1;50
Næstved;Røveri;2025K1;2
Næstved;Hærværk;2025K1;69
Guldborgsund;Straffelov i alt;2025K1;545
Guldborgsund;Voldsforbrydelser i alt;2025K1;84
Guldborgsund;Vold og lignende mod offentlig myndighed;2025K1;22
Guldborgsund;Opløb/forstyrrelse af offentlig orden;2025K1;1
Guldborgsund;Indbrud i beboelser;2025K1;35
Guldborgsund;Butikstyverier mv.;2025K1;45
Guldborgsund;Tyveri/brugstyveri af cykel;2025K1;25
Guldborgsund;Røveri;2025K1;6
Guldborgsund;Hærværk;2025K1;57
Vordingborg;Straffelov i alt;2025K1;333
Vordingborg;Voldsforbrydelser i alt;2025K1;59
Vordingborg;Vold og lignende mod offentlig myndighed;2025K1;17
Vordingborg;Indbrud i beboelser;2025K1;31
Vordingborg;Butikstyverier mv.;2025K1;17
Vordingborg;Tyveri/brugstyveri af cykel;2025K1;18
Vordingborg;Røveri;2025K1;2
Vordingborg;Hærværk;2025K1;32
Bornholm;Straffelov i alt;2025K1;211
Bornholm;Voldsforbrydelser i alt;2025K1;32
Bornholm;Vold og lignende mod offentlig myndighed;2025K1;3
Bornholm;Indbrud i beboelser;2025K1;5
Bornholm;Butikstyverier mv.;2025K1;11
Bornholm;Tyveri/brugstyveri af cykel;2025K1;15
Bornholm;Røveri;2025K1;2
Bornholm;Hærværk;2025K1;43
Middelfart;Straffelov i alt;2025K1;407
Middelfart;Voldsforbrydelser i alt;2025K1;61
Middelfart;Vold og lignende mod offentlig myndighed;2025K1;24
Middelfart;Indbrud i beboelser;2025K1;20
Middelfart;Butikstyverier mv.;2025K1;14
Middelfart;Tyveri/brugstyveri af cykel;2025K1;28
Middelfart;Hærværk;2025K1;30
Assens;Straffelov i alt;2025K1;315
Assens;Voldsforbrydelser i alt;2025K1;31
Assens;Vold og lignende mod offentlig myndighed;2025K1;8
Assens;Indbrud i beboelser;2025K1;57
Assens;Butikstyverier mv.;2025K1;5
Assens;Tyveri/brugstyveri af cykel;2025K1;24
Assens;Røveri;2025K1;1
Assens;Hærværk;2025K1;30
Faaborg-Midtfyn;Straffelov i alt;2025K1;409
Faaborg-Midtfyn;Voldsforbrydelser i alt;2025K1;54
Faaborg-Midtfyn;Vold og lignende mod offentlig myndighed;2025K1;15
Faaborg-Midtfyn;Indbrud i beboelser;2025K1;60
Faaborg-Midtfyn;Butikstyverier mv.;2025K1;14
Faaborg-Midtfyn;Tyveri/brugstyveri af cykel;2025K1;21
Faaborg-Midtfyn;Røveri;2025K1;2
Faaborg-Midtfyn;Hærværk;2025K1;35
Kerteminde;Straffelov i alt;2025K1;182
Kerteminde;Voldsforbrydelser i alt;2025K1;25
Kerteminde;Vold og lignende mod offentlig myndighed;2025K1;3
Kerteminde;Indbrud i beboelser;2025K1;8
Kerteminde;Butikstyverier mv.;2025K1;34
Kerteminde;Tyveri/brugstyveri af cykel;2025K1;10
Kerteminde;Røveri;2025K1;1
Kerteminde;Hærværk;2025K1;25
Nyborg;Straffelov i alt;2025K1;295
Nyborg;Voldsforbrydelser i alt;2025K1;47
Nyborg;Vold og lignende mod offentlig myndighed;2025K1;16
Nyborg;Indbrud i beboelser;2025K1;24
Nyborg;Butikstyverier mv.;2025K1;15
Nyborg;Tyveri/brugstyveri af cykel;2025K1;20
Nyborg;Røveri;2025K1;1
Nyborg;Hærværk;2025K1;21
Odense;Straffelov i alt;2025K1;2439
Odense;Voldsforbrydelser i alt;2025K1;285
Odense;Vold og lignende mod offentlig myndighed;2025K1;94
Odense;Uagtsomt manddrab/legemsbeskadigelse;2025K1;1
Odense;Indbrud i beboelser;2025K1;142
Odense;Butikstyverier mv.;2025K1;354
Odense;Tyveri/brugstyveri af cykel;2025K1;396
Odense;Røveri;2025K1;11
Odense;Hærværk;2025K1;148
Svendborg;Straffelov i alt;2025K1;561
Svendborg;Voldsforbrydelser i alt;2025K1;76
Svendborg;Vold og lignende mod offentlig myndighed;2025K1;27
Svendborg;Indbrud i beboelser;2025K1;29
Svendborg;Butikstyverier mv.;2025K1;26
Svendborg;Tyveri/brugstyveri af cykel;2025K1;72
Svendborg;Røveri;2025K1;1
Svendborg;Hærværk;2025K1;49
Nordfyns;Straffelov i alt;2025K1;230
Nordfyns;Voldsforbrydelser i alt;2025K1;29
Nordfyns;Vold og lignende mod offentlig myndighed;2025K1;14
Nordfyns;Indbrud i beboelser;2025K1;22
Nordfyns;Butikstyverier mv.;2025K1;19
Nordfyns;Tyveri/brugstyveri af cykel;2025K1;8
Nordfyns;Røveri;2025K1;3
Nordfyns;Hærværk;2025K1;23
Langeland;Straffelov i alt;2025K1;69
Langeland;Voldsforbrydelser i alt;2025K1;8
Langeland;Vold og lignende mod offentlig myndighed;2025K1;1
Langeland;Indbrud i beboelser;2025K1;1
Langeland;Butikstyverier mv.;2025K1;8
Langeland;Tyveri/brugstyveri af cykel;2025K1;1
Langeland;Hærværk;2025K1;11
Ærø;Straffelov i alt;2025K1;24
Ærø;Voldsforbrydelser i alt;2025K1;5
Ærø;Hærværk;2025K1;3
Haderslev;Straffelov i alt;2025K1;544
Haderslev;Voldsforbrydelser i alt;2025K1;50
Haderslev;Vold og lignende mod offentlig myndighed;2025K1;11
Haderslev;Indbrud i beboelser;2025K1;50
Haderslev;Butikstyverier mv.;2025K1;86
Haderslev;Tyveri/brugstyveri af cykel;2025K1;29
Haderslev;Hærværk;2025K1;37
Billund;Straffelov i alt;2025K1;231
Billund;Voldsforbrydelser i alt;2025K1;18
Billund;Vold og lignende mod offentlig myndighed;2025K1;4
Billund;Indbrud i beboelser;2025K1;19
Billund;Butikstyverier mv.;2025K1;20
Billund;Tyveri/brugstyveri af cykel;2025K1;10
Billund;Hærværk;2025K1;19
Sønderborg;Straffelov i alt;2025K1;640
Sønderborg;Voldsforbrydelser i alt;2025K1;85
Sønderborg;Vold og lignende mod offentlig myndighed;2025K1;22
Sønderborg;Indbrud i beboelser;2025K1;45
Sønderborg;Butikstyverier mv.;2025K1;135
Sønderborg;Tyveri/brugstyveri af cykel;2025K1;35
Sønderborg;Røveri;2025K1;2
Sønderborg;Hærværk;2025K1;43
Tønder;Straffelov i alt;2025K1;314
Tønder;Voldsforbrydelser i alt;2025K1;58
Tønder;Vold og lignende mod offentlig myndighed;2025K1;15
Tønder;Indbrud i beboelser;2025K1;12
Tønder;Butikstyverier mv.;2025K1;14
Tønder;Tyveri/brugstyveri af cykel;2025K1;11
Tønder;Røveri;2025K1;1
Tønder;Hærværk;2025K1;24
Esbjerg;Straffelov i alt;2025K1;1419
Esbjerg;Voldsforbrydelser i alt;2025K1;138
Esbjerg;Vold og lignende mod offentlig myndighed;2025K1;50
Esbjerg;Uagtsomt manddrab/legemsbeskadigelse;2025K1;1
Esbjerg;Indbrud i beboelser;2025K1;45
Esbjerg;Butikstyverier mv.;2025K1;251
Esbjerg;Tyveri/brugstyveri af cykel;2025K1;135
Esbjerg;Røveri;2025K1;5
Esbjerg;Hærværk;2025K1;128
Fanø;Straffelov i alt;2025K1;19
Fanø;Voldsforbrydelser i alt;2025K1;1
Fanø;Butikstyverier mv.;2025K1;1
Fanø;Tyveri/brugstyveri af cykel;2025K1;4
Fanø;Hærværk;2025K1;3
Varde;Straffelov i alt;2025K1;384
Varde;Voldsforbrydelser i alt;2025K1;30
Varde;Vold og lignende mod offentlig myndighed;2025K1;5
Varde;Indbrud i beboelser;2025K1;36
Varde;Butikstyverier mv.;2025K1;34
Varde;Tyveri/brugstyveri af cykel;2025K1;29
Varde;Røveri;2025K1;1
Varde;Hærværk;2025K1;47
Vejen;Straffelov i alt;2025K1;359
Vejen;Voldsforbrydelser i alt;2025K1;23
Vejen;Vold og lignende mod offentlig myndighed;2025K1;7
Vejen;Indbrud i beboelser;2025K1;31
Vejen;Butikstyverier mv.;2025K1;20
Vejen;Tyveri/brugstyveri af cykel;2025K1;11
Vejen;Røveri;2025K1;1
Vejen;Hærværk;2025K1;30
Aabenraa;Straffelov i alt;2025K1;464
Aabenraa;Voldsforbrydelser i alt;2025K1;64
Aabenraa;Vold og lignende mod offentlig myndighed;2025K1;16
Aabenraa;Indbrud i beboelser;2025K1;24
Aabenraa;Butikstyverier mv.;2025K1;24
Aabenraa;Tyveri/brugstyveri af cykel;2025K1;41
Aabenraa;Hærværk;2025K1;44
Fredericia;Straffelov i alt;2025K1;595
Fredericia;Voldsforbrydelser i alt;2025K1;73
Fredericia;Vold og lignende mod offentlig myndighed;2025K1;14
Fredericia;Indbrud i beboelser;2025K1;17
Fredericia;Butikstyverier mv.;2025K1;69
Fredericia;Tyveri/brugstyveri af cykel;2025K1;60
Fredericia;Røveri;2025K1;6
Fredericia;Hærværk;2025K1;30
Horsens;Straffelov i alt;2025K1;906
Horsens;Voldsforbrydelser i alt;2025K1;115
Horsens;Vold og lignende mod offentlig myndighed;2025K1;40
Horsens;Indbrud i beboelser;2025K1;67
Horsens;Butikstyverier mv.;2025K1;102
Horsens;Tyveri/brugstyveri af cykel;2025K1;73
Horsens;Røveri;2025K1;3
Horsens;Hærværk;2025K1;80
Kolding;Straffelov i alt;2025K1;905
Kolding;Voldsforbrydelser i alt;2025K1;101
Kolding;Vold og lignende mod offentlig myndighed;2025K1;35
Kolding;Indbrud i beboelser;2025K1;56
Kolding;Butikstyverier mv.;2025K1;97
Kolding;Tyveri/brugstyveri af cykel;2025K1;59
Kolding;Røveri;2025K1;6
Kolding;Hærværk;2025K1;43
Vejle;Straffelov i alt;2025K1;1124
Vejle;Voldsforbrydelser i alt;2025K1;130
Vejle;Vold og lignende mod offentlig myndighed;2025K1;50
Vejle;Indbrud i beboelser;2025K1;81
Vejle;Butikstyverier mv.;2025K1;107
Vejle;Tyveri/brugstyveri af cykel;2025K1;67
Vejle;Røveri;2025K1;5
Vejle;Hærværk;2025K1;66
Herning;Straffelov i alt;2025K1;676
Herning;Voldsforbrydelser i alt;2025K1;96
Herning;Vold og lignende mod offentlig myndighed;2025K1;21
Herning;Opløb/forstyrrelse af offentlig orden;2025K1;5
Herning;Indbrud i beboelser;2025K1;37
Herning;Butikstyverier mv.;2025K1;103
Herning;Tyveri/brugstyveri af cykel;2025K1;57
Herning;Hærværk;2025K1;40
Holstebro;Straffelov i alt;2025K1;505
Holstebro;Voldsforbrydelser i alt;2025K1;55
Holstebro;Vold og lignende mod offentlig myndighed;2025K1;19
Holstebro;Indbrud i beboelser;2025K1;27
Holstebro;Butikstyverier mv.;2025K1;97
Holstebro;Tyveri/brugstyveri af cykel;2025K1;52
Holstebro;Røveri;2025K1;1
Holstebro;Hærværk;2025K1;32
Lemvig;Straffelov i alt;2025K1;88
Lemvig;Voldsforbrydelser i alt;2025K1;11
Lemvig;Uagtsomt manddrab/legemsbeskadigelse;2025K1;1
Lemvig;Indbrud i beboelser;2025K1;6
Lemvig;Butikstyverier mv.;2025K1;4
Lemvig;Tyveri/brugstyveri af cykel;2025K1;2
Lemvig;Hærværk;2025K1;12
Struer;Straffelov i alt;2025K1;107
Struer;Voldsforbrydelser i alt;2025K1;23
Struer;Vold og lignende mod offentlig myndighed;2025K1;3
Struer;Indbrud i beboelser;2025K1;2
Struer;Butikstyverier mv.;2025K1;10
Struer;Tyveri/brugstyveri af cykel;2025K1;7
Struer;Hærværk;2025K1;7
Syddjurs;Straffelov i alt;2025K1;293
Syddjurs;Voldsforbrydelser i alt;2025K1;27
Syddjurs;Vold og lignende mod offentlig myndighed;2025K1;5
Syddjurs;Indbrud i beboelser;2025K1;45
Syddjurs;Butikstyverier mv.;2025K1;15
Syddjurs;Tyveri/brugstyveri af cykel;2025K1;11
Syddjurs;Røveri;2025K1;1
Syddjurs;Hærværk;2025K1;34
Norddjurs;Straffelov i alt;2025K1;382
Norddjurs;Voldsforbrydelser i alt;2025K1;63
Norddjurs;Vold og lignende mod offentlig myndighed;2025K1;40
Norddjurs;Opløb/forstyrrelse af offentlig orden;2025K1;1
Norddjurs;Indbrud i beboelser;2025K1;47
Norddjurs;Butikstyverier mv.;2025K1;27
Norddjurs;Tyveri/brugstyveri af cykel;2025K1;14
Norddjurs;Røveri;2025K1;1
Norddjurs;Hærværk;2025K1;21
Favrskov;Straffelov i alt;2025K1;241
Favrskov;Voldsforbrydelser i alt;2025K1;19
Favrskov;Vold og lignende mod offentlig myndighed;2025K1;11
Favrskov;Indbrud i beboelser;2025K1;41
Favrskov;Butikstyverier mv.;2025K1;11
Favrskov;Tyveri/brugstyveri af cykel;2025K1;5
Favrskov;Hærværk;2025K1;17
Odder;Straffelov i alt;2025K1;146
Odder;Voldsforbrydelser i alt;2025K1;12
Odder;Vold og lignende mod offentlig myndighed;2025K1;2
Odder;Indbrud i beboelser;2025K1;13
Odder;Butikstyverier mv.;2025K1;19
Odder;Tyveri/brugstyveri af cykel;2025K1;7
Odder;Hærværk;2025K1;8
Randers;Straffelov i alt;2025K1;991
Randers;Voldsforbrydelser i alt;2025K1;119
Randers;Vold og lignende mod offentlig myndighed;2025K1;54
Randers;Opløb/forstyrrelse af offentlig orden;2025K1;15
Randers;Indbrud i beboelser;2025K1;89
Randers;Butikstyverier mv.;2025K1;99
Randers;Tyveri/brugstyveri af cykel;2025K1;121
Randers;Røveri;2025K1;3
Randers;Hærværk;2025K1;62
Silkeborg;Straffelov i alt;2025K1;768
Silkeborg;Voldsforbrydelser i alt;2025K1;74
Silkeborg;Vold og lignende mod offentlig myndighed;2025K1;12
Silkeborg;Indbrud i beboelser;2025K1;79
Silkeborg;Butikstyverier mv.;2025K1;63
Silkeborg;Tyveri/brugstyveri af cykel;2025K1;73
Silkeborg;Røveri;2025K1;1
Silkeborg;Hærværk;2025K1;69
Samsø;Straffelov i alt;2025K1;18
Samsø;Voldsforbrydelser i alt;2025K1;1
Samsø;Indbrud i beboelser;2025K1;3
Samsø;Butikstyverier mv.;2025K1;1
Samsø;Hærværk;2025K1;7
Skanderborg;Straffelov i alt;2025K1;427
Skanderborg;Voldsforbrydelser i alt;2025K1;43
Skanderborg;Vold og lignende mod offentlig myndighed;2025K1;6
Skanderborg;Indbrud i beboelser;2025K1;37
Skanderborg;Butikstyverier mv.;2025K1;24
Skanderborg;Tyveri/brugstyveri af cykel;2025K1;31
Skanderborg;Røveri;2025K1;1
Skanderborg;Hærværk;2025K1;13
Aarhus;Straffelov i alt;2025K1;5284
Aarhus;Voldsforbrydelser i alt;2025K1;373
Aarhus;Vold og lignende mod offentlig myndighed;2025K1;110
Aarhus;Opløb/forstyrrelse af offentlig orden;2025K1;4
Aarhus;Indbrud i beboelser;2025K1;290
Aarhus;Butikstyverier mv.;2025K1;594
Aarhus;Tyveri/brugstyveri af cykel;2025K1;1028
Aarhus;Røveri;2025K1;28
Aarhus;Hærværk;2025K1;249
Ikast-Brande;Straffelov i alt;2025K1;326
Ikast-Brande;Voldsforbrydelser i alt;2025K1;40
Ikast-Brande;Vold og lignende mod offentlig myndighed;2025K1;5
Ikast-Brande;Uagtsomt manddrab/legemsbeskadigelse;2025K1;1
Ikast-Brande;Indbrud i beboelser;2025K1;43
Ikast-Brande;Butikstyverier mv.;2025K1;26
Ikast-Brande;Tyveri/brugstyveri af cykel;2025K1;16
Ikast-Brande;Røveri;2025K1;2
Ikast-Brande;Hærværk;2025K1;40
Ringkøbing-Skjern;Straffelov i alt;2025K1;332
Ringkøbing-Skjern;Voldsforbrydelser i alt;2025K1;16
Ringkøbing-Skjern;Vold og lignende mod offentlig myndighed;2025K1;3
Ringkøbing-Skjern;Indbrud i beboelser;2025K1;17
Ringkøbing-Skjern;Butikstyverier mv.;2025K1;35
Ringkøbing-Skjern;Tyveri/brugstyveri af cykel;2025K1;19
Ringkøbing-Skjern;Røveri;2025K1;2
Ringkøbing-Skjern;Hærværk;2025K1;41
Hedensted;Straffelov i alt;2025K1;309
Hedensted;Voldsforbrydelser i alt;2025K1;37
Hedensted;Vold og lignende mod offentlig myndighed;2025K1;8
Hedensted;Indbrud i beboelser;2025K1;19
Hedensted;Butikstyverier mv.;2025K1;12
Hedensted;Tyveri/brugstyveri af cykel;2025K1;9
Hedensted;Hærværk;2025K1;23
Morsø;Straffelov i alt;2025K1;121
Morsø;Voldsforbrydelser i alt;2025K1;10
Morsø;Vold og lignende mod offentlig myndighed;2025K1;2
Morsø;Indbrud i beboelser;2025K1;15
Morsø;Butikstyverier mv.;2025K1;4
Morsø;Tyveri/brugstyveri af cykel;2025K1;1
Morsø;Hærværk;2025K1;20
Skive;Straffelov i alt;2025K1;304
Skive;Voldsforbrydelser i alt;2025K1;29
Skive;Vold og lignende mod offentlig myndighed;2025K1;1
Skive;Indbrud i beboelser;2025K1;22
Skive;Butikstyverier mv.;2025K1;26
Skive;Tyveri/brugstyveri af cykel;2025K1;25
Skive;Hærværk;2025K1;36
Thisted;Straffelov i alt;2025K1;233
Thisted;Voldsforbrydelser i alt;2025K1;32
Thisted;Vold og lignende mod offentlig myndighed;2025K1;6
Thisted;Uagtsomt manddrab/legemsbeskadigelse;2025K1;1
Thisted;Indbrud i beboelser;2025K1;4
Thisted;Butikstyverier mv.;2025K1;15
Thisted;Tyveri/brugstyveri af cykel;2025K1;1
Thisted;Hærværk;2025K1;23
Viborg;Straffelov i alt;2025K1;795
Viborg;Voldsforbrydelser i alt;2025K1;99
Viborg;Vold og lignende mod offentlig myndighed;2025K1;28
Viborg;Indbrud i beboelser;2025K1;85
Viborg;Butikstyverier mv.;2025K1;64
Viborg;Tyveri/brugstyveri af cykel;2025K1;50
Viborg;Røveri;2025K1;1
Viborg;Hærværk;2025K1;71
Brønderslev;Straffelov i alt;2025K1;210
Brønderslev;Voldsforbrydelser i alt;2025K1;32
Brønderslev;Vold og lignende mod offentlig myndighed;2025K1;6
Brønderslev;Indbrud i beboelser;2025K1;20
Brønderslev;Butikstyverier mv.;2025K1;3
Brønderslev;Tyveri/brugstyveri af cykel;2025K1;8
Brønderslev;Hærværk;2025K1;18
Frederikshavn;Straffelov i alt;2025K1;427
Frederikshavn;Voldsforbrydelser i alt;2025K1;51
Frederikshavn;Vold og lignende mod offentlig myndighed;2025K1;15
Frederikshavn;Indbrud i beboelser;2025K1;15
Frederikshavn;Butikstyverier mv.;2025K1;18
Frederikshavn;Tyveri/brugstyveri af cykel;2025K1;43
Frederikshavn;Hærværk;2025K1;62
Vesthimmerlands;Straffelov i alt;2025K1;238
Vesthimmerlands;Voldsforbrydelser i alt;2025K1;35
Vesthimmerlands;Vold og lignende mod offentlig myndighed;2025K1;16
Vesthimmerlands;Indbrud i beboelser;2025K1;22
Vesthimmerlands;Butikstyverier mv.;2025K1;10
Vesthimmerlands;Tyveri/brugstyveri af cykel;2025K1;5
Vesthimmerlands;Hærværk;2025K1;28
Læsø;Straffelov i alt;2025K1;9
Læsø;Voldsforbrydelser i alt;2025K1;1
Læsø;Hærværk;2025K1;2
Rebild;Straffelov i alt;2025K1;155
Rebild;Voldsforbrydelser i alt;2025K1;14
Rebild;Vold og lignende mod offentlig myndighed;2025K1;1
Rebild;Indbrud i beboelser;2025K1;14
Rebild;Butikstyverier mv.;2025K1;13
Rebild;Tyveri/brugstyveri af cykel;2025K1;5
Rebild;Hærværk;2025K1;30
Mariagerfjord;Straffelov i alt;2025K1;330
Mariagerfjord;Voldsforbrydelser i alt;2025K1;32
Mariagerfjord;Vold og lignende mod offentlig myndighed;2025K1;12
Mariagerfjord;Indbrud i beboelser;2025K1;29
Mariagerfjord;Butikstyverier mv.;2025K1;23
Mariagerfjord;Tyveri/brugstyveri af cykel;2025K1;14
Mariagerfjord;Røveri;2025K1;3
Mariagerfjord;Hærværk;2025K1;28
Jammerbugt;Straffelov i alt;2025K1;268
Jammerbugt;Voldsforbrydelser i alt;2025K1;35
Jammerbugt;Vold og lignende mod offentlig myndighed;2025K1;17
Jammerbugt;Indbrud i beboelser;2025K1;12
Jammerbugt;Butikstyverier mv.;2025K1;15
Jammerbugt;Tyveri/brugstyveri af cykel;2025K1;7
Jammerbugt;Hærværk;2025K1;22
Aalborg;Straffelov i alt;2025K1;2096
Aalborg;Voldsforbrydelser i alt;2025K1;194
Aalborg;Vold og lignende mod offentlig myndighed;2025K1;41
Aalborg;Indbrud i beboelser;2025K1;60
Aalborg;Butikstyverier mv.;2025K1;351
Aalborg;Tyveri/brugstyveri af cykel;2025K1;310
Aalborg;Røveri;2025K1;8
Aalborg;Hærværk;2025K1;148
Hjørring;Straffelov i alt;2025K1;443
Hjørring;Voldsforbrydelser i alt;2025K1;56
Hjørring;Vold og lignende mod offentlig myndighed;2025K1;17
Hjørring;Indbrud i beboelser;2025K1;21
Hjørring;Butikstyverier mv.;2025K1;49
Hjørring;Tyveri/brugstyveri af cykel;2025K1;18
Hjørring;Røveri;2025K1;2
Hjørring;Hærværk;2025K1;31
Uoplyst kommune;Straffelov i alt;2025K1;6860
Uoplyst kommune;Voldsforbrydelser i alt;2025K1;344
Uoplyst kommune;Vold og lignende mod offentlig myndighed;2025K1;38
Uoplyst kommune;Indbrud i beboelser;2025K1;1
Uoplyst kommune;Butikstyverier mv.;2025K1;5
Uoplyst kommune;Tyveri/brugstyveri af cykel;2025K1;6
Uoplyst kommune;Røveri;2025K1;3
Uoplyst kommune;Hærværk;2025K1;6
Hele landet;Straffelov i alt;2025K2;75288
Hele landet;Voldsforbrydelser i alt;2025K2;7631
Hele landet;Vold og lignende mod offentlig myndighed;2025K2;1775
Hele landet;Opløb/forstyrrelse af offentlig orden;2025K2;23
Hele landet;Uagtsomt manddrab/legemsbeskadigelse;2025K2;4
Hele landet;Indbrud i beboelser;2025K2;2730
Hele landet;Butikstyverier mv.;2025K2;6534
Hele landet;Tyveri/brugstyveri af cykel;2025K2;12022
Hele landet;Røveri;2025K2;380
Hele landet;Hærværk;2025K2;4262
Region Nordjylland;Straffelov i alt;2025K2;4719
Region Nordjylland;Voldsforbrydelser i alt;2025K2;541
Region Nordjylland;Vold og lignende mod offentlig myndighed;2025K2;144
Region Nordjylland;Opløb/forstyrrelse af offentlig orden;2025K2;1
Region Nordjylland;Indbrud i beboelser;2025K2;144
Region Nordjylland;Butikstyverier mv.;2025K2;513
Region Nordjylland;Tyveri/brugstyveri af cykel;2025K2;646
Region Nordjylland;Røveri;2025K2;25
Region Nordjylland;Hærværk;2025K2;351
Region Midtjylland;Straffelov i alt;2025K2;13103
Region Midtjylland;Voldsforbrydelser i alt;2025K2;1419
Region Midtjylland;Vold og lignende mod offentlig myndighed;2025K2;416
Region Midtjylland;Opløb/forstyrrelse af offentlig orden;2025K2;10
Region Midtjylland;Uagtsomt manddrab/legemsbeskadigelse;2025K2;1
Region Midtjylland;Indbrud i beboelser;2025K2;694
Region Midtjylland;Butikstyverier mv.;2025K2;1327
Region Midtjylland;Tyveri/brugstyveri af cykel;2025K2;2078
Region Midtjylland;Røveri;2025K2;64
Region Midtjylland;Hærværk;2025K2;868
Region Syddanmark;Straffelov i alt;2025K2;12324
Region Syddanmark;Voldsforbrydelser i alt;2025K2;1587
Region Syddanmark;Vold og lignende mod offentlig myndighed;2025K2;482
Region Syddanmark;Opløb/forstyrrelse af offentlig orden;2025K2;2
Region Syddanmark;Indbrud i beboelser;2025K2;503
Region Syddanmark;Butikstyverier mv.;2025K2;1115
Region Syddanmark;Tyveri/brugstyveri af cykel;2025K2;1518
Region Syddanmark;Røveri;2025K2;65
Region Syddanmark;Hærværk;2025K2;873
Region Hovedstaden;Straffelov i alt;2025K2;30744
Region Hovedstaden;Voldsforbrydelser i alt;2025K2;2539
Region Hovedstaden;Vold og lignende mod offentlig myndighed;2025K2;406
Region Hovedstaden;Opløb/forstyrrelse af offentlig orden;2025K2;9
Region Hovedstaden;Uagtsomt manddrab/legemsbeskadigelse;2025K2;1
Region Hovedstaden;Indbrud i beboelser;2025K2;930
Region Hovedstaden;Butikstyverier mv.;2025K2;2838
Region Hovedstaden;Tyveri/brugstyveri af cykel;2025K2;6949
Region Hovedstaden;Røveri;2025K2;180
Region Hovedstaden;Hærværk;2025K2;1484
Region Sjælland;Straffelov i alt;2025K2;8150
Region Sjælland;Voldsforbrydelser i alt;2025K2;1246
Region Sjælland;Vold og lignende mod offentlig myndighed;2025K2;291
Region Sjælland;Opløb/forstyrrelse af offentlig orden;2025K2;1
Region Sjælland;Uagtsomt manddrab/legemsbeskadigelse;2025K2;2
Region Sjælland;Indbrud i beboelser;2025K2;456
Region Sjælland;Butikstyverier mv.;2025K2;737
Region Sjælland;Tyveri/brugstyveri af cykel;2025K2;825
Region Sjælland;Røveri;2025K2;39
Region Sjælland;Hærværk;2025K2;677
København;Straffelov i alt;2025K2;15383
København;Voldsforbrydelser i alt;2025K2;1108
København;Vold og lignende mod offentlig myndighed;2025K2;204
København;Opløb/forstyrrelse af offentlig orden;2025K2;5
København;Indbrud i beboelser;2025K2;168
København;Butikstyverier mv.;2025K2;1330
København;Tyveri/brugstyveri af cykel;2025K2;4355
København;Røveri;2025K2;108
København;Hærværk;2025K2;541
Frederiksberg;Straffelov i alt;2025K2;1849
Frederiksberg;Voldsforbrydelser i alt;2025K2;84
Frederiksberg;Vold og lignende mod offentlig myndighed;2025K2;8
Frederiksberg;Indbrud i beboelser;2025K2;45
Frederiksberg;Butikstyverier mv.;2025K2;181
Frederiksberg;Tyveri/brugstyveri af cykel;2025K2;568
Frederiksberg;Røveri;2025K2;7
Frederiksberg;Hærværk;2025K2;47
Ballerup;Straffelov i alt;2025K2;786
Ballerup;Voldsforbrydelser i alt;2025K2;73
Ballerup;Vold og lignende mod offentlig myndighed;2025K2;16
Ballerup;Indbrud i beboelser;2025K2;33
Ballerup;Butikstyverier mv.;2025K2;127
Ballerup;Tyveri/brugstyveri af cykel;2025K2;132
Ballerup;Røveri;2025K2;4
Ballerup;Hærværk;2025K2;42
Brøndby;Straffelov i alt;2025K2;585
Brøndby;Voldsforbrydelser i alt;2025K2;68
Brøndby;Vold og lignende mod offentlig myndighed;2025K2;8
Brøndby;Indbrud i beboelser;2025K2;31
Brøndby;Butikstyverier mv.;2025K2;83
Brøndby;Tyveri/brugstyveri af cykel;2025K2;53
Brøndby;Røveri;2025K2;3
Brøndby;Hærværk;2025K2;31
Dragør;Straffelov i alt;2025K2;136
Dragør;Voldsforbrydelser i alt;2025K2;12
Dragør;Uagtsomt manddrab/legemsbeskadigelse;2025K2;1
Dragør;Indbrud i beboelser;2025K2;2
Dragør;Butikstyverier mv.;2025K2;6
Dragør;Tyveri/brugstyveri af cykel;2025K2;29
Dragør;Røveri;2025K2;1
Dragør;Hærværk;2025K2;11
Gentofte;Straffelov i alt;2025K2;1011
Gentofte;Voldsforbrydelser i alt;2025K2;87
Gentofte;Vold og lignende mod offentlig myndighed;2025K2;8
Gentofte;Opløb/forstyrrelse af offentlig orden;2025K2;2
Gentofte;Indbrud i beboelser;2025K2;87
Gentofte;Butikstyverier mv.;2025K2;40
Gentofte;Tyveri/brugstyveri af cykel;2025K2;184
Gentofte;Røveri;2025K2;5
Gentofte;Hærværk;2025K2;58
Gladsaxe;Straffelov i alt;2025K2;733
Gladsaxe;Voldsforbrydelser i alt;2025K2;67
Gladsaxe;Vold og lignende mod offentlig myndighed;2025K2;14
Gladsaxe;Indbrud i beboelser;2025K2;59
Gladsaxe;Butikstyverier mv.;2025K2;75
Gladsaxe;Tyveri/brugstyveri af cykel;2025K2;159
Gladsaxe;Røveri;2025K2;3
Gladsaxe;Hærværk;2025K2;46
Glostrup;Straffelov i alt;2025K2;511
Glostrup;Voldsforbrydelser i alt;2025K2;49
Glostrup;Vold og lignende mod offentlig myndighed;2025K2;17
Glostrup;Indbrud i beboelser;2025K2;24
Glostrup;Butikstyverier mv.;2025K2;43
Glostrup;Tyveri/brugstyveri af cykel;2025K2;83
Glostrup;Røveri;2025K2;4
Glostrup;Hærværk;2025K2;27
Herlev;Straffelov i alt;2025K2;423
Herlev;Voldsforbrydelser i alt;2025K2;34
Herlev;Vold og lignende mod offentlig myndighed;2025K2;4
Herlev;Indbrud i beboelser;2025K2;18
Herlev;Butikstyverier mv.;2025K2;42
Herlev;Tyveri/brugstyveri af cykel;2025K2;77
Herlev;Røveri;2025K2;3
Herlev;Hærværk;2025K2;31
Albertslund;Straffelov i alt;2025K2;367
Albertslund;Voldsforbrydelser i alt;2025K2;57
Albertslund;Vold og lignende mod offentlig myndighed;2025K2;9
Albertslund;Opløb/forstyrrelse af offentlig orden;2025K2;1
Albertslund;Indbrud i beboelser;2025K2;32
Albertslund;Butikstyverier mv.;2025K2;43
Albertslund;Tyveri/brugstyveri af cykel;2025K2;51
Albertslund;Røveri;2025K2;1
Albertslund;Hærværk;2025K2;26
Hvidovre;Straffelov i alt;2025K2;739
Hvidovre;Voldsforbrydelser i alt;2025K2;66
Hvidovre;Vold og lignende mod offentlig myndighed;2025K2;10
Hvidovre;Indbrud i beboelser;2025K2;25
Hvidovre;Butikstyverier mv.;2025K2;104
Hvidovre;Tyveri/brugstyveri af cykel;2025K2;160
Hvidovre;Røveri;2025K2;5
Hvidovre;Hærværk;2025K2;46
Høje-Taastrup;Straffelov i alt;2025K2;666
Høje-Taastrup;Voldsforbrydelser i alt;2025K2;65
Høje-Taastrup;Vold og lignende mod offentlig myndighed;2025K2;6
Høje-Taastrup;Indbrud i beboelser;2025K2;27
Høje-Taastrup;Butikstyverier mv.;2025K2;72
Høje-Taastrup;Tyveri/brugstyveri af cykel;2025K2;84
Høje-Taastrup;Røveri;2025K2;2
Høje-Taastrup;Hærværk;2025K2;57
Lyngby-Taarbæk;Straffelov i alt;2025K2;809
Lyngby-Taarbæk;Voldsforbrydelser i alt;2025K2;73
Lyngby-Taarbæk;Vold og lignende mod offentlig myndighed;2025K2;5
Lyngby-Taarbæk;Indbrud i beboelser;2025K2;36
Lyngby-Taarbæk;Butikstyverier mv.;2025K2;48
Lyngby-Taarbæk;Tyveri/brugstyveri af cykel;2025K2;204
Lyngby-Taarbæk;Røveri;2025K2;3
Lyngby-Taarbæk;Hærværk;2025K2;73
Rødovre;Straffelov i alt;2025K2;629
Rødovre;Voldsforbrydelser i alt;2025K2;56
Rødovre;Vold og lignende mod offentlig myndighed;2025K2;10
Rødovre;Indbrud i beboelser;2025K2;22
Rødovre;Butikstyverier mv.;2025K2;121
Rødovre;Tyveri/brugstyveri af cykel;2025K2;96
Rødovre;Røveri;2025K2;6
Rødovre;Hærværk;2025K2;32
Ishøj;Straffelov i alt;2025K2;239
Ishøj;Voldsforbrydelser i alt;2025K2;30
Ishøj;Indbrud i beboelser;2025K2;13
Ishøj;Butikstyverier mv.;2025K2;31
Ishøj;Tyveri/brugstyveri af cykel;2025K2;26
Ishøj;Røveri;2025K2;2
Ishøj;Hærværk;2025K2;17
Tårnby;Straffelov i alt;2025K2;689
Tårnby;Voldsforbrydelser i alt;2025K2;51
Tårnby;Vold og lignende mod offentlig myndighed;2025K2;6
Tårnby;Opløb/forstyrrelse af offentlig orden;2025K2;1
Tårnby;Indbrud i beboelser;2025K2;11
Tårnby;Butikstyverier mv.;2025K2;76
Tårnby;Tyveri/brugstyveri af cykel;2025K2;98
Tårnby;Røveri;2025K2;3
Tårnby;Hærværk;2025K2;21
Vallensbæk;Straffelov i alt;2025K2;171
Vallensbæk;Voldsforbrydelser i alt;2025K2;18
Vallensbæk;Vold og lignende mod offentlig myndighed;2025K2;2
Vallensbæk;Indbrud i beboelser;2025K2;12
Vallensbæk;Butikstyverier mv.;2025K2;8
Vallensbæk;Tyveri/brugstyveri af cykel;2025K2;26
Vallensbæk;Røveri;2025K2;1
Vallensbæk;Hærværk;2025K2;11
Furesø;Straffelov i alt;2025K2;400
Furesø;Voldsforbrydelser i alt;2025K2;25
Furesø;Vold og lignende mod offentlig myndighed;2025K2;4
Furesø;Indbrud i beboelser;2025K2;43
Furesø;Butikstyverier mv.;2025K2;18
Furesø;Tyveri/brugstyveri af cykel;2025K2;80
Furesø;Røveri;2025K2;2
Furesø;Hærværk;2025K2;27
Allerød;Straffelov i alt;2025K2;214
Allerød;Voldsforbrydelser i alt;2025K2;22
Allerød;Vold og lignende mod offentlig myndighed;2025K2;2
Allerød;Indbrud i beboelser;2025K2;8
Allerød;Butikstyverier mv.;2025K2;8
Allerød;Tyveri/brugstyveri af cykel;2025K2;41
Allerød;Hærværk;2025K2;10
Fredensborg;Straffelov i alt;2025K2;398
Fredensborg;Voldsforbrydelser i alt;2025K2;41
Fredensborg;Vold og lignende mod offentlig myndighed;2025K2;4
Fredensborg;Indbrud i beboelser;2025K2;27
Fredensborg;Butikstyverier mv.;2025K2;38
Fredensborg;Tyveri/brugstyveri af cykel;2025K2;43
Fredensborg;Røveri;2025K2;3
Fredensborg;Hærværk;2025K2;37
Helsingør;Straffelov i alt;2025K2;797
Helsingør;Voldsforbrydelser i alt;2025K2;105
Helsingør;Vold og lignende mod offentlig myndighed;2025K2;15
Helsingør;Indbrud i beboelser;2025K2;45
Helsingør;Butikstyverier mv.;2025K2;76
Helsingør;Tyveri/brugstyveri af cykel;2025K2;64
Helsingør;Røveri;2025K2;2
Helsingør;Hærværk;2025K2;57
Hillerød;Straffelov i alt;2025K2;550
Hillerød;Voldsforbrydelser i alt;2025K2;56
Hillerød;Vold og lignende mod offentlig myndighed;2025K2;10
Hillerød;Indbrud i beboelser;2025K2;26
Hillerød;Butikstyverier mv.;2025K2;81
Hillerød;Tyveri/brugstyveri af cykel;2025K2;77
Hillerød;Hærværk;2025K2;36
Hørsholm;Straffelov i alt;2025K2;254
Hørsholm;Voldsforbrydelser i alt;2025K2;33
Hørsholm;Vold og lignende mod offentlig myndighed;2025K2;13
Hørsholm;Indbrud i beboelser;2025K2;18
Hørsholm;Butikstyverier mv.;2025K2;16
Hørsholm;Tyveri/brugstyveri af cykel;2025K2;39
Hørsholm;Røveri;2025K2;1
Hørsholm;Hærværk;2025K2;24
Rudersdal;Straffelov i alt;2025K2;651
Rudersdal;Voldsforbrydelser i alt;2025K2;50
Rudersdal;Vold og lignende mod offentlig myndighed;2025K2;6
Rudersdal;Indbrud i beboelser;2025K2;52
Rudersdal;Butikstyverier mv.;2025K2;21
Rudersdal;Tyveri/brugstyveri af cykel;2025K2;97
Rudersdal;Røveri;2025K2;4
Rudersdal;Hærværk;2025K2;26
Egedal;Straffelov i alt;2025K2;433
Egedal;Voldsforbrydelser i alt;2025K2;26
Egedal;Vold og lignende mod offentlig myndighed;2025K2;2
Egedal;Indbrud i beboelser;2025K2;17
Egedal;Butikstyverier mv.;2025K2;31
Egedal;Tyveri/brugstyveri af cykel;2025K2;50
Egedal;Røveri;2025K2;1
Egedal;Hærværk;2025K2;23
Frederikssund;Straffelov i alt;2025K2;461
Frederikssund;Voldsforbrydelser i alt;2025K2;62
Frederikssund;Vold og lignende mod offentlig myndighed;2025K2;8
Frederikssund;Indbrud i beboelser;2025K2;21
Frederikssund;Butikstyverier mv.;2025K2;54
Frederikssund;Tyveri/brugstyveri af cykel;2025K2;33
Frederikssund;Røveri;2025K2;2
Frederikssund;Hærværk;2025K2;33
Greve;Straffelov i alt;2025K2;521
Greve;Voldsforbrydelser i alt;2025K2;68
Greve;Vold og lignende mod offentlig myndighed;2025K2;2
Greve;Indbrud i beboelser;2025K2;32
Greve;Butikstyverier mv.;2025K2;57
Greve;Tyveri/brugstyveri af cykel;2025K2;55
Greve;Røveri;2025K2;10
Greve;Hærværk;2025K2;25
Køge;Straffelov i alt;2025K2;734
Køge;Voldsforbrydelser i alt;2025K2;124
Køge;Vold og lignende mod offentlig myndighed;2025K2;19
Køge;Indbrud i beboelser;2025K2;25
Køge;Butikstyverier mv.;2025K2;110
Køge;Tyveri/brugstyveri af cykel;2025K2;86
Køge;Røveri;2025K2;4
Køge;Hærværk;2025K2;46
Halsnæs;Straffelov i alt;2025K2;293
Halsnæs;Voldsforbrydelser i alt;2025K2;33
Halsnæs;Vold og lignende mod offentlig myndighed;2025K2;3
Halsnæs;Indbrud i beboelser;2025K2;8
Halsnæs;Butikstyverier mv.;2025K2;38
Halsnæs;Tyveri/brugstyveri af cykel;2025K2;8
Halsnæs;Røveri;2025K2;2
Halsnæs;Hærværk;2025K2;28
Roskilde;Straffelov i alt;2025K2;945
Roskilde;Voldsforbrydelser i alt;2025K2;126
Roskilde;Vold og lignende mod offentlig myndighed;2025K2;42
Roskilde;Indbrud i beboelser;2025K2;51
Roskilde;Butikstyverier mv.;2025K2;85
Roskilde;Tyveri/brugstyveri af cykel;2025K2;172
Roskilde;Røveri;2025K2;5
Roskilde;Hærværk;2025K2;80
Solrød;Straffelov i alt;2025K2;203
Solrød;Voldsforbrydelser i alt;2025K2;27
Solrød;Indbrud i beboelser;2025K2;12
Solrød;Butikstyverier mv.;2025K2;13
Solrød;Tyveri/brugstyveri af cykel;2025K2;35
Solrød;Hærværk;2025K2;15
Gribskov;Straffelov i alt;2025K2;331
Gribskov;Voldsforbrydelser i alt;2025K2;34
Gribskov;Vold og lignende mod offentlig myndighed;2025K2;2
Gribskov;Indbrud i beboelser;2025K2;14
Gribskov;Butikstyverier mv.;2025K2;10
Gribskov;Tyveri/brugstyveri af cykel;2025K2;18
Gribskov;Røveri;2025K2;1
Gribskov;Hærværk;2025K2;37
Odsherred;Straffelov i alt;2025K2;350
Odsherred;Voldsforbrydelser i alt;2025K2;69
Odsherred;Vold og lignende mod offentlig myndighed;2025K2;26
Odsherred;Indbrud i beboelser;2025K2;19
Odsherred;Butikstyverier mv.;2025K2;22
Odsherred;Tyveri/brugstyveri af cykel;2025K2;13
Odsherred;Røveri;2025K2;1
Odsherred;Hærværk;2025K2;37
Holbæk;Straffelov i alt;2025K2;687
Holbæk;Voldsforbrydelser i alt;2025K2;142
Holbæk;Vold og lignende mod offentlig myndighed;2025K2;40
Holbæk;Uagtsomt manddrab/legemsbeskadigelse;2025K2;1
Holbæk;Indbrud i beboelser;2025K2;48
Holbæk;Butikstyverier mv.;2025K2;60
Holbæk;Tyveri/brugstyveri af cykel;2025K2;65
Holbæk;Røveri;2025K2;3
Holbæk;Hærværk;2025K2;59
Faxe;Straffelov i alt;2025K2;298
Faxe;Voldsforbrydelser i alt;2025K2;38
Faxe;Vold og lignende mod offentlig myndighed;2025K2;7
Faxe;Indbrud i beboelser;2025K2;27
Faxe;Butikstyverier mv.;2025K2;28
Faxe;Tyveri/brugstyveri af cykel;2025K2;36
Faxe;Hærværk;2025K2;18
Kalundborg;Straffelov i alt;2025K2;376
Kalundborg;Voldsforbrydelser i alt;2025K2;52
Kalundborg;Vold og lignende mod offentlig myndighed;2025K2;7
Kalundborg;Indbrud i beboelser;2025K2;16
Kalundborg;Butikstyverier mv.;2025K2;42
Kalundborg;Tyveri/brugstyveri af cykel;2025K2;11
Kalundborg;Hærværk;2025K2;37
Ringsted;Straffelov i alt;2025K2;346
Ringsted;Voldsforbrydelser i alt;2025K2;45
Ringsted;Vold og lignende mod offentlig myndighed;2025K2;3
Ringsted;Indbrud i beboelser;2025K2;20
Ringsted;Butikstyverier mv.;2025K2;36
Ringsted;Tyveri/brugstyveri af cykel;2025K2;29
Ringsted;Røveri;2025K2;3
Ringsted;Hærværk;2025K2;28
Slagelse;Straffelov i alt;2025K2;931
Slagelse;Voldsforbrydelser i alt;2025K2;159
Slagelse;Vold og lignende mod offentlig myndighed;2025K2;52
Slagelse;Indbrud i beboelser;2025K2;53
Slagelse;Butikstyverier mv.;2025K2;72
Slagelse;Tyveri/brugstyveri af cykel;2025K2;56
Slagelse;Røveri;2025K2;5
Slagelse;Hærværk;2025K2;82
Stevns;Straffelov i alt;2025K2;184
Stevns;Voldsforbrydelser i alt;2025K2;20
Stevns;Vold og lignende mod offentlig myndighed;2025K2;7
Stevns;Indbrud i beboelser;2025K2;14
Stevns;Butikstyverier mv.;2025K2;5
Stevns;Tyveri/brugstyveri af cykel;2025K2;13
Stevns;Røveri;2025K2;1
Stevns;Hærværk;2025K2;19
Sorø;Straffelov i alt;2025K2;254
Sorø;Voldsforbrydelser i alt;2025K2;40
Sorø;Vold og lignende mod offentlig myndighed;2025K2;16
Sorø;Indbrud i beboelser;2025K2;25
Sorø;Butikstyverier mv.;2025K2;28
Sorø;Tyveri/brugstyveri af cykel;2025K2;20
Sorø;Hærværk;2025K2;14
Lejre;Straffelov i alt;2025K2;205
Lejre;Voldsforbrydelser i alt;2025K2;27
Lejre;Vold og lignende mod offentlig myndighed;2025K2;2
Lejre;Indbrud i beboelser;2025K2;13
Lejre;Butikstyverier mv.;2025K2;5
Lejre;Tyveri/brugstyveri af cykel;2025K2;24
Lejre;Hærværk;2025K2;22
Lolland;Straffelov i alt;2025K2;386
Lolland;Voldsforbrydelser i alt;2025K2;54
Lolland;Vold og lignende mod offentlig myndighed;2025K2;6
Lolland;Indbrud i beboelser;2025K2;16
Lolland;Butikstyverier mv.;2025K2;17
Lolland;Tyveri/brugstyveri af cykel;2025K2;45
Lolland;Hærværk;2025K2;49
Næstved;Straffelov i alt;2025K2;798
Næstved;Voldsforbrydelser i alt;2025K2;92
Næstved;Vold og lignende mod offentlig myndighed;2025K2;21
Næstved;Indbrud i beboelser;2025K2;55
Næstved;Butikstyverier mv.;2025K2;85
Næstved;Tyveri/brugstyveri af cykel;2025K2;95
Næstved;Hærværk;2025K2;65
Guldborgsund;Straffelov i alt;2025K2;542
Guldborgsund;Voldsforbrydelser i alt;2025K2;102
Guldborgsund;Vold og lignende mod offentlig myndighed;2025K2;24
Guldborgsund;Opløb/forstyrrelse af offentlig orden;2025K2;1
Guldborgsund;Indbrud i beboelser;2025K2;18
Guldborgsund;Butikstyverier mv.;2025K2;47
Guldborgsund;Tyveri/brugstyveri af cykel;2025K2;44
Guldborgsund;Røveri;2025K2;5
Guldborgsund;Hærværk;2025K2;46
Vordingborg;Straffelov i alt;2025K2;390
Vordingborg;Voldsforbrydelser i alt;2025K2;61
Vordingborg;Vold og lignende mod offentlig myndighed;2025K2;17
Vordingborg;Uagtsomt manddrab/legemsbeskadigelse;2025K2;1
Vordingborg;Indbrud i beboelser;2025K2;12
Vordingborg;Butikstyverier mv.;2025K2;25
Vordingborg;Tyveri/brugstyveri af cykel;2025K2;26
Vordingborg;Røveri;2025K2;2
Vordingborg;Hærværk;2025K2;35
Bornholm;Straffelov i alt;2025K2;236
Bornholm;Voldsforbrydelser i alt;2025K2;54
Bornholm;Vold og lignende mod offentlig myndighed;2025K2;10
Bornholm;Indbrud i beboelser;2025K2;6
Bornholm;Butikstyverier mv.;2025K2;17
Bornholm;Tyveri/brugstyveri af cykel;2025K2;14
Bornholm;Røveri;2025K2;1
Bornholm;Hærværk;2025K2;29
Middelfart;Straffelov i alt;2025K2;425
Middelfart;Voldsforbrydelser i alt;2025K2;93
Middelfart;Vold og lignende mod offentlig myndighed;2025K2;38
Middelfart;Indbrud i beboelser;2025K2;22
Middelfart;Butikstyverier mv.;2025K2;17
Middelfart;Tyveri/brugstyveri af cykel;2025K2;37
Middelfart;Røveri;2025K2;3
Middelfart;Hærværk;2025K2;25
Assens;Straffelov i alt;2025K2;360
Assens;Voldsforbrydelser i alt;2025K2;53
Assens;Vold og lignende mod offentlig myndighed;2025K2;15
Assens;Indbrud i beboelser;2025K2;44
Assens;Butikstyverier mv.;2025K2;3
Assens;Tyveri/brugstyveri af cykel;2025K2;18
Assens;Hærværk;2025K2;25
Faaborg-Midtfyn;Straffelov i alt;2025K2;335
Faaborg-Midtfyn;Voldsforbrydelser i alt;2025K2;57
Faaborg-Midtfyn;Vold og lignende mod offentlig myndighed;2025K2;17
Faaborg-Midtfyn;Indbrud i beboelser;2025K2;17
Faaborg-Midtfyn;Butikstyverier mv.;2025K2;7
Faaborg-Midtfyn;Tyveri/brugstyveri af cykel;2025K2;17
Faaborg-Midtfyn;Røveri;2025K2;3
Faaborg-Midtfyn;Hærværk;2025K2;23
Kerteminde;Straffelov i alt;2025K2;192
Kerteminde;Voldsforbrydelser i alt;2025K2;16
Kerteminde;Vold og lignende mod offentlig myndighed;2025K2;4
Kerteminde;Indbrud i beboelser;2025K2;5
Kerteminde;Butikstyverier mv.;2025K2;18
Kerteminde;Tyveri/brugstyveri af cykel;2025K2;26
Kerteminde;Hærværk;2025K2;22
Nyborg;Straffelov i alt;2025K2;310
Nyborg;Voldsforbrydelser i alt;2025K2;58
Nyborg;Vold og lignende mod offentlig myndighed;2025K2;36
Nyborg;Indbrud i beboelser;2025K2;14
Nyborg;Butikstyverier mv.;2025K2;8
Nyborg;Tyveri/brugstyveri af cykel;2025K2;39
Nyborg;Hærværk;2025K2;33
Odense;Straffelov i alt;2025K2;2986
Odense;Voldsforbrydelser i alt;2025K2;291
Odense;Vold og lignende mod offentlig myndighed;2025K2;89
Odense;Opløb/forstyrrelse af offentlig orden;2025K2;1
Odense;Indbrud i beboelser;2025K2;81
Odense;Butikstyverier mv.;2025K2;352
Odense;Tyveri/brugstyveri af cykel;2025K2;640
Odense;Røveri;2025K2;21
Odense;Hærværk;2025K2;143
Svendborg;Straffelov i alt;2025K2;526
Svendborg;Voldsforbrydelser i alt;2025K2;81
Svendborg;Vold og lignende mod offentlig myndighed;2025K2;32
Svendborg;Indbrud i beboelser;2025K2;20
Svendborg;Butikstyverier mv.;2025K2;41
Svendborg;Tyveri/brugstyveri af cykel;2025K2;105
Svendborg;Hærværk;2025K2;30
Nordfyns;Straffelov i alt;2025K2;218
Nordfyns;Voldsforbrydelser i alt;2025K2;41
Nordfyns;Vold og lignende mod offentlig myndighed;2025K2;17
Nordfyns;Indbrud i beboelser;2025K2;8
Nordfyns;Butikstyverier mv.;2025K2;23
Nordfyns;Tyveri/brugstyveri af cykel;2025K2;6
Nordfyns;Røveri;2025K2;1
Nordfyns;Hærværk;2025K2;24
Langeland;Straffelov i alt;2025K2;78
Langeland;Voldsforbrydelser i alt;2025K2;14
Langeland;Vold og lignende mod offentlig myndighed;2025K2;2
Langeland;Indbrud i beboelser;2025K2;6
Langeland;Butikstyverier mv.;2025K2;6
Langeland;Tyveri/brugstyveri af cykel;2025K2;4
Langeland;Hærværk;2025K2;6
Ærø;Straffelov i alt;2025K2;17
Ærø;Voldsforbrydelser i alt;2025K2;6
Ærø;Vold og lignende mod offentlig myndighed;2025K2;2
Ærø;Butikstyverier mv.;2025K2;1
Ærø;Hærværk;2025K2;1
Haderslev;Straffelov i alt;2025K2;502
Haderslev;Voldsforbrydelser i alt;2025K2;67
Haderslev;Vold og lignende mod offentlig myndighed;2025K2;11
Haderslev;Indbrud i beboelser;2025K2;19
Haderslev;Butikstyverier mv.;2025K2;36
Haderslev;Tyveri/brugstyveri af cykel;2025K2;22
Haderslev;Røveri;2025K2;1
Haderslev;Hærværk;2025K2;40
Billund;Straffelov i alt;2025K2;224
Billund;Voldsforbrydelser i alt;2025K2;23
Billund;Vold og lignende mod offentlig myndighed;2025K2;2
Billund;Indbrud i beboelser;2025K2;7
Billund;Butikstyverier mv.;2025K2;21
Billund;Tyveri/brugstyveri af cykel;2025K2;24
Billund;Hærværk;2025K2;17
Sønderborg;Straffelov i alt;2025K2;592
Sønderborg;Voldsforbrydelser i alt;2025K2;87
Sønderborg;Vold og lignende mod offentlig myndighed;2025K2;29
Sønderborg;Indbrud i beboelser;2025K2;20
Sønderborg;Butikstyverier mv.;2025K2;59
Sønderborg;Tyveri/brugstyveri af cykel;2025K2;78
Sønderborg;Røveri;2025K2;5
Sønderborg;Hærværk;2025K2;63
Tønder;Straffelov i alt;2025K2;253
Tønder;Voldsforbrydelser i alt;2025K2;41
Tønder;Vold og lignende mod offentlig myndighed;2025K2;12
Tønder;Indbrud i beboelser;2025K2;5
Tønder;Butikstyverier mv.;2025K2;7
Tønder;Tyveri/brugstyveri af cykel;2025K2;12
Tønder;Hærværk;2025K2;17
Esbjerg;Straffelov i alt;2025K2;1179
Esbjerg;Voldsforbrydelser i alt;2025K2;133
Esbjerg;Vold og lignende mod offentlig myndighed;2025K2;29
Esbjerg;Opløb/forstyrrelse af offentlig orden;2025K2;1
Esbjerg;Indbrud i beboelser;2025K2;43
Esbjerg;Butikstyverier mv.;2025K2;167
Esbjerg;Tyveri/brugstyveri af cykel;2025K2;157
Esbjerg;Røveri;2025K2;6
Esbjerg;Hærværk;2025K2;94
Fanø;Straffelov i alt;2025K2;16
Fanø;Indbrud i beboelser;2025K2;1
Fanø;Hærværk;2025K2;8
Varde;Straffelov i alt;2025K2;344
Varde;Voldsforbrydelser i alt;2025K2;35
Varde;Vold og lignende mod offentlig myndighed;2025K2;6
Varde;Indbrud i beboelser;2025K2;33
Varde;Butikstyverier mv.;2025K2;14
Varde;Tyveri/brugstyveri af cykel;2025K2;36
Varde;Røveri;2025K2;3
Varde;Hærværk;2025K2;35
Vejen;Straffelov i alt;2025K2;293
Vejen;Voldsforbrydelser i alt;2025K2;42
Vejen;Vold og lignende mod offentlig myndighed;2025K2;19
Vejen;Indbrud i beboelser;2025K2;12
Vejen;Butikstyverier mv.;2025K2;8
Vejen;Tyveri/brugstyveri af cykel;2025K2;23
Vejen;Røveri;2025K2;1
Vejen;Hærværk;2025K2;17
Aabenraa;Straffelov i alt;2025K2;554
Aabenraa;Voldsforbrydelser i alt;2025K2;73
Aabenraa;Vold og lignende mod offentlig myndighed;2025K2;20
Aabenraa;Indbrud i beboelser;2025K2;31
Aabenraa;Butikstyverier mv.;2025K2;26
Aabenraa;Tyveri/brugstyveri af cykel;2025K2;20
Aabenraa;Hærværk;2025K2;45
Fredericia;Straffelov i alt;2025K2;674
Fredericia;Voldsforbrydelser i alt;2025K2;65
Fredericia;Vold og lignende mod offentlig myndighed;2025K2;12
Fredericia;Indbrud i beboelser;2025K2;16
Fredericia;Butikstyverier mv.;2025K2;83
Fredericia;Tyveri/brugstyveri af cykel;2025K2;91
Fredericia;Røveri;2025K2;5
Fredericia;Hærværk;2025K2;39
Horsens;Straffelov i alt;2025K2;866
Horsens;Voldsforbrydelser i alt;2025K2;184
Horsens;Vold og lignende mod offentlig myndighed;2025K2;41
Horsens;Opløb/forstyrrelse af offentlig orden;2025K2;4
Horsens;Indbrud i beboelser;2025K2;40
Horsens;Butikstyverier mv.;2025K2;91
Horsens;Tyveri/brugstyveri af cykel;2025K2;61
Horsens;Røveri;2025K2;6
Horsens;Hærværk;2025K2;58
Kolding;Straffelov i alt;2025K2;1024
Kolding;Voldsforbrydelser i alt;2025K2;127
Kolding;Vold og lignende mod offentlig myndighed;2025K2;28
Kolding;Indbrud i beboelser;2025K2;38
Kolding;Butikstyverier mv.;2025K2;107
Kolding;Tyveri/brugstyveri af cykel;2025K2;66
Kolding;Røveri;2025K2;8
Kolding;Hærværk;2025K2;66
Vejle;Straffelov i alt;2025K2;1222
Vejle;Voldsforbrydelser i alt;2025K2;184
Vejle;Vold og lignende mod offentlig myndighed;2025K2;62
Vejle;Indbrud i beboelser;2025K2;61
Vejle;Butikstyverier mv.;2025K2;111
Vejle;Tyveri/brugstyveri af cykel;2025K2;97
Vejle;Røveri;2025K2;8
Vejle;Hærværk;2025K2;100
Herning;Straffelov i alt;2025K2;678
Herning;Voldsforbrydelser i alt;2025K2;102
Herning;Vold og lignende mod offentlig myndighed;2025K2;29
Herning;Indbrud i beboelser;2025K2;43
Herning;Butikstyverier mv.;2025K2;73
Herning;Tyveri/brugstyveri af cykel;2025K2;89
Herning;Røveri;2025K2;5
Herning;Hærværk;2025K2;48
Holstebro;Straffelov i alt;2025K2;527
Holstebro;Voldsforbrydelser i alt;2025K2;81
Holstebro;Vold og lignende mod offentlig myndighed;2025K2;20
Holstebro;Indbrud i beboelser;2025K2;31
Holstebro;Butikstyverier mv.;2025K2;82
Holstebro;Tyveri/brugstyveri af cykel;2025K2;43
Holstebro;Røveri;2025K2;2
Holstebro;Hærværk;2025K2;28
Lemvig;Straffelov i alt;2025K2;113
Lemvig;Voldsforbrydelser i alt;2025K2;14
Lemvig;Vold og lignende mod offentlig myndighed;2025K2;1
Lemvig;Uagtsomt manddrab/legemsbeskadigelse;2025K2;1
Lemvig;Indbrud i beboelser;2025K2;1
Lemvig;Butikstyverier mv.;2025K2;5
Lemvig;Tyveri/brugstyveri af cykel;2025K2;25
Lemvig;Hærværk;2025K2;8
Struer;Straffelov i alt;2025K2;135
Struer;Voldsforbrydelser i alt;2025K2;17
Struer;Vold og lignende mod offentlig myndighed;2025K2;6
Struer;Indbrud i beboelser;2025K2;2
Struer;Butikstyverier mv.;2025K2;15
Struer;Tyveri/brugstyveri af cykel;2025K2;23
Struer;Hærværk;2025K2;16
Syddjurs;Straffelov i alt;2025K2;254
Syddjurs;Voldsforbrydelser i alt;2025K2;29
Syddjurs;Vold og lignende mod offentlig myndighed;2025K2;6
Syddjurs;Indbrud i beboelser;2025K2;14
Syddjurs;Butikstyverier mv.;2025K2;18
Syddjurs;Tyveri/brugstyveri af cykel;2025K2;12
Syddjurs;Røveri;2025K2;1
Syddjurs;Hærværk;2025K2;30
Norddjurs;Straffelov i alt;2025K2;318
Norddjurs;Voldsforbrydelser i alt;2025K2;45
Norddjurs;Vold og lignende mod offentlig myndighed;2025K2;19
Norddjurs;Indbrud i beboelser;2025K2;26
Norddjurs;Butikstyverier mv.;2025K2;13
Norddjurs;Tyveri/brugstyveri af cykel;2025K2;14
Norddjurs;Røveri;2025K2;1
Norddjurs;Hærværk;2025K2;13
Favrskov;Straffelov i alt;2025K2;291
Favrskov;Voldsforbrydelser i alt;2025K2;30
Favrskov;Vold og lignende mod offentlig myndighed;2025K2;22
Favrskov;Indbrud i beboelser;2025K2;32
Favrskov;Butikstyverier mv.;2025K2;10
Favrskov;Tyveri/brugstyveri af cykel;2025K2;26
Favrskov;Røveri;2025K2;1
Favrskov;Hærværk;2025K2;22
Odder;Straffelov i alt;2025K2;110
Odder;Voldsforbrydelser i alt;2025K2;4
Odder;Indbrud i beboelser;2025K2;9
Odder;Butikstyverier mv.;2025K2;12
Odder;Tyveri/brugstyveri af cykel;2025K2;12
Odder;Hærværk;2025K2;12
Randers;Straffelov i alt;2025K2;1030
Randers;Voldsforbrydelser i alt;2025K2;130
Randers;Vold og lignende mod offentlig myndighed;2025K2;58
Randers;Opløb/forstyrrelse af offentlig orden;2025K2;2
Randers;Indbrud i beboelser;2025K2;40
Randers;Butikstyverier mv.;2025K2;143
Randers;Tyveri/brugstyveri af cykel;2025K2;101
Randers;Røveri;2025K2;2
Randers;Hærværk;2025K2;89
Silkeborg;Straffelov i alt;2025K2;801
Silkeborg;Voldsforbrydelser i alt;2025K2;94
Silkeborg;Vold og lignende mod offentlig myndighed;2025K2;26
Silkeborg;Opløb/forstyrrelse af offentlig orden;2025K2;2
Silkeborg;Indbrud i beboelser;2025K2;46
Silkeborg;Butikstyverier mv.;2025K2;51
Silkeborg;Tyveri/brugstyveri af cykel;2025K2;115
Silkeborg;Hærværk;2025K2;69
Samsø;Straffelov i alt;2025K2;32
Samsø;Voldsforbrydelser i alt;2025K2;4
Samsø;Vold og lignende mod offentlig myndighed;2025K2;1
Samsø;Butikstyverier mv.;2025K2;2
Samsø;Tyveri/brugstyveri af cykel;2025K2;3
Samsø;Hærværk;2025K2;12
Skanderborg;Straffelov i alt;2025K2;334
Skanderborg;Voldsforbrydelser i alt;2025K2;29
Skanderborg;Vold og lignende mod offentlig myndighed;2025K2;6
Skanderborg;Indbrud i beboelser;2025K2;40
Skanderborg;Butikstyverier mv.;2025K2;15
Skanderborg;Tyveri/brugstyveri af cykel;2025K2;32
Skanderborg;Røveri;2025K2;1
Skanderborg;Hærværk;2025K2;15
Aarhus;Straffelov i alt;2025K2;5475
Aarhus;Voldsforbrydelser i alt;2025K2;415
Aarhus;Vold og lignende mod offentlig myndighed;2025K2;127
Aarhus;Opløb/forstyrrelse af offentlig orden;2025K2;2
Aarhus;Indbrud i beboelser;2025K2;194
Aarhus;Butikstyverier mv.;2025K2;600
Aarhus;Tyveri/brugstyveri af cykel;2025K2;1373
Aarhus;Røveri;2025K2;37
Aarhus;Hærværk;2025K2;291
Ikast-Brande;Straffelov i alt;2025K2;315
Ikast-Brande;Voldsforbrydelser i alt;2025K2;42
Ikast-Brande;Vold og lignende mod offentlig myndighed;2025K2;9
Ikast-Brande;Indbrud i beboelser;2025K2;21
Ikast-Brande;Butikstyverier mv.;2025K2;29
Ikast-Brande;Tyveri/brugstyveri af cykel;2025K2;32
Ikast-Brande;Røveri;2025K2;1
Ikast-Brande;Hærværk;2025K2;27
Ringkøbing-Skjern;Straffelov i alt;2025K2;313
Ringkøbing-Skjern;Voldsforbrydelser i alt;2025K2;22
Ringkøbing-Skjern;Vold og lignende mod offentlig myndighed;2025K2;4
Ringkøbing-Skjern;Indbrud i beboelser;2025K2;22
Ringkøbing-Skjern;Butikstyverier mv.;2025K2;33
Ringkøbing-Skjern;Tyveri/brugstyveri af cykel;2025K2;15
Ringkøbing-Skjern;Røveri;2025K2;1
Ringkøbing-Skjern;Hærværk;2025K2;20
Hedensted;Straffelov i alt;2025K2;370
Hedensted;Voldsforbrydelser i alt;2025K2;43
Hedensted;Vold og lignende mod offentlig myndighed;2025K2;7
Hedensted;Indbrud i beboelser;2025K2;26
Hedensted;Butikstyverier mv.;2025K2;10
Hedensted;Tyveri/brugstyveri af cykel;2025K2;14
Hedensted;Røveri;2025K2;1
Hedensted;Hærværk;2025K2;26
Morsø;Straffelov i alt;2025K2;140
Morsø;Voldsforbrydelser i alt;2025K2;16
Morsø;Vold og lignende mod offentlig myndighed;2025K2;1
Morsø;Indbrud i beboelser;2025K2;11
Morsø;Butikstyverier mv.;2025K2;3
Morsø;Tyveri/brugstyveri af cykel;2025K2;6
Morsø;Hærværk;2025K2;14
Skive;Straffelov i alt;2025K2;381
Skive;Voldsforbrydelser i alt;2025K2;50
Skive;Vold og lignende mod offentlig myndighed;2025K2;9
Skive;Indbrud i beboelser;2025K2;30
Skive;Butikstyverier mv.;2025K2;35
Skive;Tyveri/brugstyveri af cykel;2025K2;16
Skive;Røveri;2025K2;1
Skive;Hærværk;2025K2;45
Thisted;Straffelov i alt;2025K2;210
Thisted;Voldsforbrydelser i alt;2025K2;33
Thisted;Vold og lignende mod offentlig myndighed;2025K2;5
Thisted;Indbrud i beboelser;2025K2;8
Thisted;Butikstyverier mv.;2025K2;5
Thisted;Tyveri/brugstyveri af cykel;2025K2;6
Thisted;Hærværk;2025K2;27
Viborg;Straffelov i alt;2025K2;760
Viborg;Voldsforbrydelser i alt;2025K2;84
Viborg;Vold og lignende mod offentlig myndighed;2025K2;25
Viborg;Indbrud i beboelser;2025K2;77
Viborg;Butikstyverier mv.;2025K2;90
Viborg;Tyveri/brugstyveri af cykel;2025K2;72
Viborg;Røveri;2025K2;4
Viborg;Hærværk;2025K2;39
Brønderslev;Straffelov i alt;2025K2;214
Brønderslev;Voldsforbrydelser i alt;2025K2;32
Brønderslev;Vold og lignende mod offentlig myndighed;2025K2;11
Brønderslev;Indbrud i beboelser;2025K2;10
Brønderslev;Butikstyverier mv.;2025K2;10
Brønderslev;Tyveri/brugstyveri af cykel;2025K2;16
Brønderslev;Hærværk;2025K2;17
Frederikshavn;Straffelov i alt;2025K2;429
Frederikshavn;Voldsforbrydelser i alt;2025K2;64
Frederikshavn;Vold og lignende mod offentlig myndighed;2025K2;19
Frederikshavn;Indbrud i beboelser;2025K2;10
Frederikshavn;Butikstyverier mv.;2025K2;27
Frederikshavn;Tyveri/brugstyveri af cykel;2025K2;63
Frederikshavn;Røveri;2025K2;4
Frederikshavn;Hærværk;2025K2;32
Vesthimmerlands;Straffelov i alt;2025K2;268
Vesthimmerlands;Voldsforbrydelser i alt;2025K2;27
Vesthimmerlands;Vold og lignende mod offentlig myndighed;2025K2;8
Vesthimmerlands;Indbrud i beboelser;2025K2;11
Vesthimmerlands;Butikstyverier mv.;2025K2;6
Vesthimmerlands;Tyveri/brugstyveri af cykel;2025K2;15
Vesthimmerlands;Røveri;2025K2;2
Vesthimmerlands;Hærværk;2025K2;28
Læsø;Straffelov i alt;2025K2;2
Læsø;Butikstyverier mv.;2025K2;1
Rebild;Straffelov i alt;2025K2;141
Rebild;Voldsforbrydelser i alt;2025K2;12
Rebild;Vold og lignende mod offentlig myndighed;2025K2;1
Rebild;Indbrud i beboelser;2025K2;7
Rebild;Butikstyverier mv.;2025K2;1
Rebild;Tyveri/brugstyveri af cykel;2025K2;11
Rebild;Hærværk;2025K2;13
Mariagerfjord;Straffelov i alt;2025K2;324
Mariagerfjord;Voldsforbrydelser i alt;2025K2;29
Mariagerfjord;Vold og lignende mod offentlig myndighed;2025K2;13
Mariagerfjord;Indbrud i beboelser;2025K2;25
Mariagerfjord;Butikstyverier mv.;2025K2;26
Mariagerfjord;Tyveri/brugstyveri af cykel;2025K2;13
Mariagerfjord;Røveri;2025K2;1
Mariagerfjord;Hærværk;2025K2;36
Jammerbugt;Straffelov i alt;2025K2;228
Jammerbugt;Voldsforbrydelser i alt;2025K2;37
Jammerbugt;Vold og lignende mod offentlig myndighed;2025K2;21
Jammerbugt;Indbrud i beboelser;2025K2;3
Jammerbugt;Butikstyverier mv.;2025K2;9
Jammerbugt;Tyveri/brugstyveri af cykel;2025K2;17
Jammerbugt;Røveri;2025K2;2
Jammerbugt;Hærværk;2025K2;22
Aalborg;Straffelov i alt;2025K2;2273
Aalborg;Voldsforbrydelser i alt;2025K2;219
Aalborg;Vold og lignende mod offentlig myndighed;2025K2;40
Aalborg;Opløb/forstyrrelse af offentlig orden;2025K2;1
Aalborg;Indbrud i beboelser;2025K2;46
Aalborg;Butikstyverier mv.;2025K2;336
Aalborg;Tyveri/brugstyveri af cykel;2025K2;464
Aalborg;Røveri;2025K2;14
Aalborg;Hærværk;2025K2;120
Hjørring;Straffelov i alt;2025K2;490
Hjørring;Voldsforbrydelser i alt;2025K2;72
Hjørring;Vold og lignende mod offentlig myndighed;2025K2;25
Hjørring;Indbrud i beboelser;2025K2;13
Hjørring;Butikstyverier mv.;2025K2;89
Hjørring;Tyveri/brugstyveri af cykel;2025K2;35
Hjørring;Røveri;2025K2;2
Hjørring;Hærværk;2025K2;42
Uoplyst kommune;Straffelov i alt;2025K2;6248
Uoplyst kommune;Voldsforbrydelser i alt;2025K2;299
Uoplyst kommune;Vold og lignende mod offentlig myndighed;2025K2;36
Uoplyst kommune;Indbrud i beboelser;2025K2;3
Uoplyst kommune;Butikstyverier mv.;2025K2;4
Uoplyst kommune;Tyveri/brugstyveri af cykel;2025K2;6
Uoplyst kommune;Røveri;2025K2;7
Uoplyst kommune;Hærværk;2025K2;9
Hele landet;Straffelov i alt;2025K3;77113
Hele landet;Voldsforbrydelser i alt;2025K3;7482
Hele landet;Vold og lignende mod offentlig myndighed;2025K3;1727
Hele landet;Opløb/forstyrrelse af offentlig orden;2025K3;24
Hele landet;Uagtsomt manddrab/legemsbeskadigelse;2025K3;3
Hele landet;Indbrud i beboelser;2025K3;3671
Hele landet;Butikstyverier mv.;2025K3;6913
Hele landet;Tyveri/brugstyveri af cykel;2025K3;12779
Hele landet;Røveri;2025K3;303
Hele landet;Hærværk;2025K3;4169
Region Nordjylland;Straffelov i alt;2025K3;4999
Region Nordjylland;Voldsforbrydelser i alt;2025K3;608
Region Nordjylland;Vold og lignende mod offentlig myndighed;2025K3;148
Region Nordjylland;Uagtsomt manddrab/legemsbeskadigelse;2025K3;1
Region Nordjylland;Indbrud i beboelser;2025K3;245
Region Nordjylland;Butikstyverier mv.;2025K3;542
Region Nordjylland;Tyveri/brugstyveri af cykel;2025K3;778
Region Nordjylland;Røveri;2025K3;11
Region Nordjylland;Hærværk;2025K3;375
Region Midtjylland;Straffelov i alt;2025K3;14290
Region Midtjylland;Voldsforbrydelser i alt;2025K3;1302
Region Midtjylland;Vold og lignende mod offentlig myndighed;2025K3;365
Region Midtjylland;Opløb/forstyrrelse af offentlig orden;2025K3;13
Region Midtjylland;Indbrud i beboelser;2025K3;1160
Region Midtjylland;Butikstyverier mv.;2025K3;1363
Region Midtjylland;Tyveri/brugstyveri af cykel;2025K3;2180
Region Midtjylland;Røveri;2025K3;56
Region Midtjylland;Hærværk;2025K3;898
Region Syddanmark;Straffelov i alt;2025K3;12210
Region Syddanmark;Voldsforbrydelser i alt;2025K3;1506
Region Syddanmark;Vold og lignende mod offentlig myndighed;2025K3;404
Region Syddanmark;Opløb/forstyrrelse af offentlig orden;2025K3;2
Region Syddanmark;Uagtsomt manddrab/legemsbeskadigelse;2025K3;1
Region Syddanmark;Indbrud i beboelser;2025K3;706
Region Syddanmark;Butikstyverier mv.;2025K3;1460
Region Syddanmark;Tyveri/brugstyveri af cykel;2025K3;1620
Region Syddanmark;Røveri;2025K3;59
Region Syddanmark;Hærværk;2025K3;860
Region Hovedstaden;Straffelov i alt;2025K3;30371
Region Hovedstaden;Voldsforbrydelser i alt;2025K3;2544
Region Hovedstaden;Vold og lignende mod offentlig myndighed;2025K3;452
Region Hovedstaden;Opløb/forstyrrelse af offentlig orden;2025K3;7
Region Hovedstaden;Uagtsomt manddrab/legemsbeskadigelse;2025K3;1
Region Hovedstaden;Indbrud i beboelser;2025K3;1130
Region Hovedstaden;Butikstyverier mv.;2025K3;2803
Region Hovedstaden;Tyveri/brugstyveri af cykel;2025K3;7232
Region Hovedstaden;Røveri;2025K3;137
Region Hovedstaden;Hærværk;2025K3;1370
Region Sjælland;Straffelov i alt;2025K3;9197
Region Sjælland;Voldsforbrydelser i alt;2025K3;1224
Region Sjælland;Vold og lignende mod offentlig myndighed;2025K3;325
Region Sjælland;Opløb/forstyrrelse af offentlig orden;2025K3;2
Region Sjælland;Indbrud i beboelser;2025K3;427
Region Sjælland;Butikstyverier mv.;2025K3;740
Region Sjælland;Tyveri/brugstyveri af cykel;2025K3;965
Region Sjælland;Røveri;2025K3;35
Region Sjælland;Hærværk;2025K3;657
København;Straffelov i alt;2025K3;15323
København;Voldsforbrydelser i alt;2025K3;1089
København;Vold og lignende mod offentlig myndighed;2025K3;239
København;Opløb/forstyrrelse af offentlig orden;2025K3;1
København;Indbrud i beboelser;2025K3;213
København;Butikstyverier mv.;2025K3;1365
København;Tyveri/brugstyveri af cykel;2025K3;4562
København;Røveri;2025K3;73
København;Hærværk;2025K3;468
Frederiksberg;Straffelov i alt;2025K3;1549
Frederiksberg;Voldsforbrydelser i alt;2025K3;87
Frederiksberg;Vold og lignende mod offentlig myndighed;2025K3;10
Frederiksberg;Indbrud i beboelser;2025K3;26
Frederiksberg;Butikstyverier mv.;2025K3;149
Frederiksberg;Tyveri/brugstyveri af cykel;2025K3;533
Frederiksberg;Røveri;2025K3;6
Frederiksberg;Hærværk;2025K3;54
Ballerup;Straffelov i alt;2025K3;800
Ballerup;Voldsforbrydelser i alt;2025K3;66
Ballerup;Vold og lignende mod offentlig myndighed;2025K3;6
Ballerup;Indbrud i beboelser;2025K3;70
Ballerup;Butikstyverier mv.;2025K3;102
Ballerup;Tyveri/brugstyveri af cykel;2025K3;127
Ballerup;Røveri;2025K3;3
Ballerup;Hærværk;2025K3;31
Brøndby;Straffelov i alt;2025K3;514
Brøndby;Voldsforbrydelser i alt;2025K3;65
Brøndby;Vold og lignende mod offentlig myndighed;2025K3;17
Brøndby;Indbrud i beboelser;2025K3;33
Brøndby;Butikstyverier mv.;2025K3;61
Brøndby;Tyveri/brugstyveri af cykel;2025K3;63
Brøndby;Røveri;2025K3;4
Brøndby;Hærværk;2025K3;29
Dragør;Straffelov i alt;2025K3;96
Dragør;Voldsforbrydelser i alt;2025K3;4
Dragør;Vold og lignende mod offentlig myndighed;2025K3;1
Dragør;Indbrud i beboelser;2025K3;3
Dragør;Butikstyverier mv.;2025K3;10
Dragør;Tyveri/brugstyveri af cykel;2025K3;26
Dragør;Hærværk;2025K3;6
Gentofte;Straffelov i alt;2025K3;855
Gentofte;Voldsforbrydelser i alt;2025K3;80
Gentofte;Vold og lignende mod offentlig myndighed;2025K3;3
Gentofte;Indbrud i beboelser;2025K3;83
Gentofte;Butikstyverier mv.;2025K3;50
Gentofte;Tyveri/brugstyveri af cykel;2025K3;219
Gentofte;Røveri;2025K3;2
Gentofte;Hærværk;2025K3;46
Gladsaxe;Straffelov i alt;2025K3;853
Gladsaxe;Voldsforbrydelser i alt;2025K3;72
Gladsaxe;Vold og lignende mod offentlig myndighed;2025K3;21
Gladsaxe;Opløb/forstyrrelse af offentlig orden;2025K3;1
Gladsaxe;Indbrud i beboelser;2025K3;78
Gladsaxe;Butikstyverier mv.;2025K3;94
Gladsaxe;Tyveri/brugstyveri af cykel;2025K3;173
Gladsaxe;Røveri;2025K3;5
Gladsaxe;Hærværk;2025K3;63
Glostrup;Straffelov i alt;2025K3;463
Glostrup;Voldsforbrydelser i alt;2025K3;38
Glostrup;Vold og lignende mod offentlig myndighed;2025K3;13
Glostrup;Indbrud i beboelser;2025K3;20
Glostrup;Butikstyverier mv.;2025K3;38
Glostrup;Tyveri/brugstyveri af cykel;2025K3;83
Glostrup;Røveri;2025K3;2
Glostrup;Hærværk;2025K3;25
Herlev;Straffelov i alt;2025K3;435
Herlev;Voldsforbrydelser i alt;2025K3;43
Herlev;Vold og lignende mod offentlig myndighed;2025K3;9
Herlev;Indbrud i beboelser;2025K3;21
Herlev;Butikstyverier mv.;2025K3;44
Herlev;Tyveri/brugstyveri af cykel;2025K3;100
Herlev;Røveri;2025K3;4
Herlev;Hærværk;2025K3;22
Albertslund;Straffelov i alt;2025K3;405
Albertslund;Voldsforbrydelser i alt;2025K3;52
Albertslund;Vold og lignende mod offentlig myndighed;2025K3;7
Albertslund;Indbrud i beboelser;2025K3;21
Albertslund;Butikstyverier mv.;2025K3;37
Albertslund;Tyveri/brugstyveri af cykel;2025K3;51
Albertslund;Røveri;2025K3;2
Albertslund;Hærværk;2025K3;31
Hvidovre;Straffelov i alt;2025K3;698
Hvidovre;Voldsforbrydelser i alt;2025K3;54
Hvidovre;Vold og lignende mod offentlig myndighed;2025K3;7
Hvidovre;Opløb/forstyrrelse af offentlig orden;2025K3;1
Hvidovre;Uagtsomt manddrab/legemsbeskadigelse;2025K3;1
Hvidovre;Indbrud i beboelser;2025K3;13
Hvidovre;Butikstyverier mv.;2025K3;76
Hvidovre;Tyveri/brugstyveri af cykel;2025K3;147
Hvidovre;Røveri;2025K3;1
Hvidovre;Hærværk;2025K3;43
Høje-Taastrup;Straffelov i alt;2025K3;713
Høje-Taastrup;Voldsforbrydelser i alt;2025K3;81
Høje-Taastrup;Vold og lignende mod offentlig myndighed;2025K3;14
Høje-Taastrup;Indbrud i beboelser;2025K3;32
Høje-Taastrup;Butikstyverier mv.;2025K3;89
Høje-Taastrup;Tyveri/brugstyveri af cykel;2025K3;80
Høje-Taastrup;Røveri;2025K3;1
Høje-Taastrup;Hærværk;2025K3;58
Lyngby-Taarbæk;Straffelov i alt;2025K3;771
Lyngby-Taarbæk;Voldsforbrydelser i alt;2025K3;62
Lyngby-Taarbæk;Vold og lignende mod offentlig myndighed;2025K3;3
Lyngby-Taarbæk;Indbrud i beboelser;2025K3;47
Lyngby-Taarbæk;Butikstyverier mv.;2025K3;89
Lyngby-Taarbæk;Tyveri/brugstyveri af cykel;2025K3;155
Lyngby-Taarbæk;Røveri;2025K3;7
Lyngby-Taarbæk;Hærværk;2025K3;43
Rødovre;Straffelov i alt;2025K3;587
Rødovre;Voldsforbrydelser i alt;2025K3;47
Rødovre;Vold og lignende mod offentlig myndighed;2025K3;7
Rødovre;Indbrud i beboelser;2025K3;11
Rødovre;Butikstyverier mv.;2025K3;102
Rødovre;Tyveri/brugstyveri af cykel;2025K3;80
Rødovre;Røveri;2025K3;1
Rødovre;Hærværk;2025K3;30
Ishøj;Straffelov i alt;2025K3;325
Ishøj;Voldsforbrydelser i alt;2025K3;33
Ishøj;Vold og lignende mod offentlig myndighed;2025K3;3
Ishøj;Indbrud i beboelser;2025K3;4
Ishøj;Butikstyverier mv.;2025K3;54
Ishøj;Tyveri/brugstyveri af cykel;2025K3;20
Ishøj;Røveri;2025K3;3
Ishøj;Hærværk;2025K3;21
Tårnby;Straffelov i alt;2025K3;791
Tårnby;Voldsforbrydelser i alt;2025K3;57
Tårnby;Vold og lignende mod offentlig myndighed;2025K3;7
Tårnby;Opløb/forstyrrelse af offentlig orden;2025K3;4
Tårnby;Indbrud i beboelser;2025K3;20
Tårnby;Butikstyverier mv.;2025K3;82
Tårnby;Tyveri/brugstyveri af cykel;2025K3;117
Tårnby;Røveri;2025K3;4
Tårnby;Hærværk;2025K3;35
Vallensbæk;Straffelov i alt;2025K3;195
Vallensbæk;Voldsforbrydelser i alt;2025K3;14
Vallensbæk;Indbrud i beboelser;2025K3;21
Vallensbæk;Butikstyverier mv.;2025K3;23
Vallensbæk;Tyveri/brugstyveri af cykel;2025K3;40
Vallensbæk;Røveri;2025K3;1
Vallensbæk;Hærværk;2025K3;4
Furesø;Straffelov i alt;2025K3;410
Furesø;Voldsforbrydelser i alt;2025K3;25
Furesø;Indbrud i beboelser;2025K3;46
Furesø;Butikstyverier mv.;2025K3;28
Furesø;Tyveri/brugstyveri af cykel;2025K3;98
Furesø;Røveri;2025K3;7
Furesø;Hærværk;2025K3;14
Allerød;Straffelov i alt;2025K3;230
Allerød;Voldsforbrydelser i alt;2025K3;25
Allerød;Vold og lignende mod offentlig myndighed;2025K3;7
Allerød;Indbrud i beboelser;2025K3;20
Allerød;Butikstyverier mv.;2025K3;13
Allerød;Tyveri/brugstyveri af cykel;2025K3;57
Allerød;Hærværk;2025K3;11
Fredensborg;Straffelov i alt;2025K3;392
Fredensborg;Voldsforbrydelser i alt;2025K3;45
Fredensborg;Vold og lignende mod offentlig myndighed;2025K3;5
Fredensborg;Indbrud i beboelser;2025K3;36
Fredensborg;Butikstyverier mv.;2025K3;31
Fredensborg;Tyveri/brugstyveri af cykel;2025K3;43
Fredensborg;Hærværk;2025K3;32
Helsingør;Straffelov i alt;2025K3;833
Helsingør;Voldsforbrydelser i alt;2025K3;109
Helsingør;Vold og lignende mod offentlig myndighed;2025K3;16
Helsingør;Indbrud i beboelser;2025K3;90
Helsingør;Butikstyverier mv.;2025K3;84
Helsingør;Tyveri/brugstyveri af cykel;2025K3;81
Helsingør;Røveri;2025K3;2
Helsingør;Hærværk;2025K3;59
Hillerød;Straffelov i alt;2025K3;630
Hillerød;Voldsforbrydelser i alt;2025K3;79
Hillerød;Vold og lignende mod offentlig myndighed;2025K3;18
Hillerød;Indbrud i beboelser;2025K3;36
Hillerød;Butikstyverier mv.;2025K3;63
Hillerød;Tyveri/brugstyveri af cykel;2025K3;56
Hillerød;Røveri;2025K3;5
Hillerød;Hærværk;2025K3;35
Hørsholm;Straffelov i alt;2025K3;216
Hørsholm;Voldsforbrydelser i alt;2025K3;26
Hørsholm;Vold og lignende mod offentlig myndighed;2025K3;3
Hørsholm;Indbrud i beboelser;2025K3;29
Hørsholm;Butikstyverier mv.;2025K3;7
Hørsholm;Tyveri/brugstyveri af cykel;2025K3;31
Hørsholm;Røveri;2025K3;1
Hørsholm;Hærværk;2025K3;13
Rudersdal;Straffelov i alt;2025K3;559
Rudersdal;Voldsforbrydelser i alt;2025K3;36
Rudersdal;Vold og lignende mod offentlig myndighed;2025K3;3
Rudersdal;Indbrud i beboelser;2025K3;71
Rudersdal;Butikstyverier mv.;2025K3;35
Rudersdal;Tyveri/brugstyveri af cykel;2025K3;122
Rudersdal;Røveri;2025K3;1
Rudersdal;Hærværk;2025K3;21
Egedal;Straffelov i alt;2025K3;361
Egedal;Voldsforbrydelser i alt;2025K3;31
Egedal;Vold og lignende mod offentlig myndighed;2025K3;1
Egedal;Indbrud i beboelser;2025K3;34
Egedal;Butikstyverier mv.;2025K3;11
Egedal;Tyveri/brugstyveri af cykel;2025K3;66
Egedal;Røveri;2025K3;1
Egedal;Hærværk;2025K3;45
Frederikssund;Straffelov i alt;2025K3;438
Frederikssund;Voldsforbrydelser i alt;2025K3;58
Frederikssund;Vold og lignende mod offentlig myndighed;2025K3;14
Frederikssund;Indbrud i beboelser;2025K3;26
Frederikssund;Butikstyverier mv.;2025K3;17
Frederikssund;Tyveri/brugstyveri af cykel;2025K3;41
Frederikssund;Hærværk;2025K3;43
Greve;Straffelov i alt;2025K3;530
Greve;Voldsforbrydelser i alt;2025K3;40
Greve;Vold og lignende mod offentlig myndighed;2025K3;4
Greve;Indbrud i beboelser;2025K3;29
Greve;Butikstyverier mv.;2025K3;53
Greve;Tyveri/brugstyveri af cykel;2025K3;85
Greve;Røveri;2025K3;4
Greve;Hærværk;2025K3;36
Køge;Straffelov i alt;2025K3;684
Køge;Voldsforbrydelser i alt;2025K3;88
Køge;Vold og lignende mod offentlig myndighed;2025K3;31
Køge;Opløb/forstyrrelse af offentlig orden;2025K3;1
Køge;Indbrud i beboelser;2025K3;28
Køge;Butikstyverier mv.;2025K3;69
Køge;Tyveri/brugstyveri af cykel;2025K3;124
Køge;Røveri;2025K3;5
Køge;Hærværk;2025K3;40
Halsnæs;Straffelov i alt;2025K3;289
Halsnæs;Voldsforbrydelser i alt;2025K3;64
Halsnæs;Vold og lignende mod offentlig myndighed;2025K3;4
Halsnæs;Indbrud i beboelser;2025K3;7
Halsnæs;Butikstyverier mv.;2025K3;16
Halsnæs;Tyveri/brugstyveri af cykel;2025K3;10
Halsnæs;Hærværk;2025K3;24
Roskilde;Straffelov i alt;2025K3;1636
Roskilde;Voldsforbrydelser i alt;2025K3;129
Roskilde;Vold og lignende mod offentlig myndighed;2025K3;51
Roskilde;Opløb/forstyrrelse af offentlig orden;2025K3;1
Roskilde;Indbrud i beboelser;2025K3;29
Roskilde;Butikstyverier mv.;2025K3;100
Roskilde;Tyveri/brugstyveri af cykel;2025K3;222
Roskilde;Røveri;2025K3;6
Roskilde;Hærværk;2025K3;61
Solrød;Straffelov i alt;2025K3;215
Solrød;Voldsforbrydelser i alt;2025K3;27
Solrød;Indbrud i beboelser;2025K3;19
Solrød;Butikstyverier mv.;2025K3;12
Solrød;Tyveri/brugstyveri af cykel;2025K3;47
Solrød;Røveri;2025K3;1
Solrød;Hærværk;2025K3;23
Gribskov;Straffelov i alt;2025K3;419
Gribskov;Voldsforbrydelser i alt;2025K3;65
Gribskov;Vold og lignende mod offentlig myndighed;2025K3;6
Gribskov;Indbrud i beboelser;2025K3;13
Gribskov;Butikstyverier mv.;2025K3;22
Gribskov;Tyveri/brugstyveri af cykel;2025K3;36
Gribskov;Hærværk;2025K3;36
Odsherred;Straffelov i alt;2025K3;379
Odsherred;Voldsforbrydelser i alt;2025K3;81
Odsherred;Vold og lignende mod offentlig myndighed;2025K3;29
Odsherred;Indbrud i beboelser;2025K3;11
Odsherred;Butikstyverier mv.;2025K3;15
Odsherred;Tyveri/brugstyveri af cykel;2025K3;20
Odsherred;Røveri;2025K3;1
Odsherred;Hærværk;2025K3;44
Holbæk;Straffelov i alt;2025K3;621
Holbæk;Voldsforbrydelser i alt;2025K3;92
Holbæk;Vold og lignende mod offentlig myndighed;2025K3;30
Holbæk;Indbrud i beboelser;2025K3;51
Holbæk;Butikstyverier mv.;2025K3;66
Holbæk;Tyveri/brugstyveri af cykel;2025K3;45
Holbæk;Hærværk;2025K3;56
Faxe;Straffelov i alt;2025K3;317
Faxe;Voldsforbrydelser i alt;2025K3;41
Faxe;Vold og lignende mod offentlig myndighed;2025K3;8
Faxe;Indbrud i beboelser;2025K3;9
Faxe;Butikstyverier mv.;2025K3;16
Faxe;Tyveri/brugstyveri af cykel;2025K3;31
Faxe;Røveri;2025K3;1
Faxe;Hærværk;2025K3;18
Kalundborg;Straffelov i alt;2025K3;410
Kalundborg;Voldsforbrydelser i alt;2025K3;68
Kalundborg;Vold og lignende mod offentlig myndighed;2025K3;14
Kalundborg;Indbrud i beboelser;2025K3;15
Kalundborg;Butikstyverier mv.;2025K3;39
Kalundborg;Tyveri/brugstyveri af cykel;2025K3;13
Kalundborg;Hærværk;2025K3;26
Ringsted;Straffelov i alt;2025K3;352
Ringsted;Voldsforbrydelser i alt;2025K3;33
Ringsted;Vold og lignende mod offentlig myndighed;2025K3;5
Ringsted;Indbrud i beboelser;2025K3;15
Ringsted;Butikstyverier mv.;2025K3;35
Ringsted;Tyveri/brugstyveri af cykel;2025K3;35
Ringsted;Røveri;2025K3;2
Ringsted;Hærværk;2025K3;21
Slagelse;Straffelov i alt;2025K3;943
Slagelse;Voldsforbrydelser i alt;2025K3;132
Slagelse;Vold og lignende mod offentlig myndighed;2025K3;25
Slagelse;Indbrud i beboelser;2025K3;58
Slagelse;Butikstyverier mv.;2025K3;88
Slagelse;Tyveri/brugstyveri af cykel;2025K3;57
Slagelse;Røveri;2025K3;4
Slagelse;Hærværk;2025K3;85
Stevns;Straffelov i alt;2025K3;156
Stevns;Voldsforbrydelser i alt;2025K3;29
Stevns;Vold og lignende mod offentlig myndighed;2025K3;11
Stevns;Indbrud i beboelser;2025K3;27
Stevns;Butikstyverier mv.;2025K3;2
Stevns;Tyveri/brugstyveri af cykel;2025K3;9
Stevns;Hærværk;2025K3;11
Sorø;Straffelov i alt;2025K3;300
Sorø;Voldsforbrydelser i alt;2025K3;25
Sorø;Vold og lignende mod offentlig myndighed;2025K3;6
Sorø;Indbrud i beboelser;2025K3;22
Sorø;Butikstyverier mv.;2025K3;12
Sorø;Tyveri/brugstyveri af cykel;2025K3;17
Sorø;Hærværk;2025K3;15
Lejre;Straffelov i alt;2025K3;177
Lejre;Voldsforbrydelser i alt;2025K3;23
Lejre;Vold og lignende mod offentlig myndighed;2025K3;3
Lejre;Indbrud i beboelser;2025K3;5
Lejre;Butikstyverier mv.;2025K3;13
Lejre;Tyveri/brugstyveri af cykel;2025K3;27
Lejre;Hærværk;2025K3;17
Lolland;Straffelov i alt;2025K3;393
Lolland;Voldsforbrydelser i alt;2025K3;62
Lolland;Vold og lignende mod offentlig myndighed;2025K3;12
Lolland;Indbrud i beboelser;2025K3;18
Lolland;Butikstyverier mv.;2025K3;23
Lolland;Tyveri/brugstyveri af cykel;2025K3;27
Lolland;Hærværk;2025K3;58
Næstved;Straffelov i alt;2025K3;1039
Næstved;Voldsforbrydelser i alt;2025K3;171
Næstved;Vold og lignende mod offentlig myndighed;2025K3;42
Næstved;Indbrud i beboelser;2025K3;53
Næstved;Butikstyverier mv.;2025K3;97
Næstved;Tyveri/brugstyveri af cykel;2025K3;143
Næstved;Røveri;2025K3;8
Næstved;Hærværk;2025K3;61
Guldborgsund;Straffelov i alt;2025K3;624
Guldborgsund;Voldsforbrydelser i alt;2025K3;112
Guldborgsund;Vold og lignende mod offentlig myndighed;2025K3;30
Guldborgsund;Indbrud i beboelser;2025K3;21
Guldborgsund;Butikstyverier mv.;2025K3;47
Guldborgsund;Tyveri/brugstyveri af cykel;2025K3;38
Guldborgsund;Røveri;2025K3;2
Guldborgsund;Hærværk;2025K3;47
Vordingborg;Straffelov i alt;2025K3;421
Vordingborg;Voldsforbrydelser i alt;2025K3;71
Vordingborg;Vold og lignende mod offentlig myndighed;2025K3;24
Vordingborg;Indbrud i beboelser;2025K3;17
Vordingborg;Butikstyverier mv.;2025K3;53
Vordingborg;Tyveri/brugstyveri af cykel;2025K3;25
Vordingborg;Røveri;2025K3;1
Vordingborg;Hærværk;2025K3;38
Bornholm;Straffelov i alt;2025K3;219
Bornholm;Voldsforbrydelser i alt;2025K3;37
Bornholm;Vold og lignende mod offentlig myndighed;2025K3;8
Bornholm;Indbrud i beboelser;2025K3;6
Bornholm;Butikstyverier mv.;2025K3;11
Bornholm;Tyveri/brugstyveri af cykel;2025K3;14
Bornholm;Røveri;2025K3;1
Bornholm;Hærværk;2025K3;28
Middelfart;Straffelov i alt;2025K3;338
Middelfart;Voldsforbrydelser i alt;2025K3;52
Middelfart;Vold og lignende mod offentlig myndighed;2025K3;28
Middelfart;Indbrud i beboelser;2025K3;18
Middelfart;Butikstyverier mv.;2025K3;27
Middelfart;Tyveri/brugstyveri af cykel;2025K3;37
Middelfart;Røveri;2025K3;1
Middelfart;Hærværk;2025K3;23
Christiansø;Straffelov i alt;2025K3;2
Christiansø;Tyveri/brugstyveri af cykel;2025K3;1
Assens;Straffelov i alt;2025K3;309
Assens;Voldsforbrydelser i alt;2025K3;45
Assens;Vold og lignende mod offentlig myndighed;2025K3;6
Assens;Indbrud i beboelser;2025K3;19
Assens;Butikstyverier mv.;2025K3;18
Assens;Tyveri/brugstyveri af cykel;2025K3;18
Assens;Hærværk;2025K3;28
Faaborg-Midtfyn;Straffelov i alt;2025K3;417
Faaborg-Midtfyn;Voldsforbrydelser i alt;2025K3;75
Faaborg-Midtfyn;Vold og lignende mod offentlig myndighed;2025K3;17
Faaborg-Midtfyn;Indbrud i beboelser;2025K3;45
Faaborg-Midtfyn;Butikstyverier mv.;2025K3;11
Faaborg-Midtfyn;Tyveri/brugstyveri af cykel;2025K3;47
Faaborg-Midtfyn;Røveri;2025K3;2
Faaborg-Midtfyn;Hærværk;2025K3;29
Kerteminde;Straffelov i alt;2025K3;228
Kerteminde;Voldsforbrydelser i alt;2025K3;25
Kerteminde;Vold og lignende mod offentlig myndighed;2025K3;9
Kerteminde;Indbrud i beboelser;2025K3;13
Kerteminde;Butikstyverier mv.;2025K3;25
Kerteminde;Tyveri/brugstyveri af cykel;2025K3;20
Kerteminde;Røveri;2025K3;5
Kerteminde;Hærværk;2025K3;22
Nyborg;Straffelov i alt;2025K3;323
Nyborg;Voldsforbrydelser i alt;2025K3;54
Nyborg;Vold og lignende mod offentlig myndighed;2025K3;21
Nyborg;Indbrud i beboelser;2025K3;17
Nyborg;Butikstyverier mv.;2025K3;27
Nyborg;Tyveri/brugstyveri af cykel;2025K3;32
Nyborg;Røveri;2025K3;1
Nyborg;Hærværk;2025K3;27
Odense;Straffelov i alt;2025K3;2970
Odense;Voldsforbrydelser i alt;2025K3;302
Odense;Vold og lignende mod offentlig myndighed;2025K3;116
Odense;Uagtsomt manddrab/legemsbeskadigelse;2025K3;1
Odense;Indbrud i beboelser;2025K3;192
Odense;Butikstyverier mv.;2025K3;443
Odense;Tyveri/brugstyveri af cykel;2025K3;683
Odense;Røveri;2025K3;13
Odense;Hærværk;2025K3;158
Svendborg;Straffelov i alt;2025K3;514
Svendborg;Voldsforbrydelser i alt;2025K3;81
Svendborg;Vold og lignende mod offentlig myndighed;2025K3;31
Svendborg;Indbrud i beboelser;2025K3;27
Svendborg;Butikstyverier mv.;2025K3;34
Svendborg;Tyveri/brugstyveri af cykel;2025K3;92
Svendborg;Røveri;2025K3;2
Svendborg;Hærværk;2025K3;19
Nordfyns;Straffelov i alt;2025K3;241
Nordfyns;Voldsforbrydelser i alt;2025K3;34
Nordfyns;Vold og lignende mod offentlig myndighed;2025K3;13
Nordfyns;Indbrud i beboelser;2025K3;18
Nordfyns;Butikstyverier mv.;2025K3;28
Nordfyns;Tyveri/brugstyveri af cykel;2025K3;5
Nordfyns;Røveri;2025K3;1
Nordfyns;Hærværk;2025K3;23
Langeland;Straffelov i alt;2025K3;67
Langeland;Voldsforbrydelser i alt;2025K3;13
Langeland;Vold og lignende mod offentlig myndighed;2025K3;3
Langeland;Indbrud i beboelser;2025K3;3
Langeland;Butikstyverier mv.;2025K3;3
Langeland;Tyveri/brugstyveri af cykel;2025K3;4
Langeland;Hærværk;2025K3;11
Ærø;Straffelov i alt;2025K3;25
Ærø;Voldsforbrydelser i alt;2025K3;5
Ærø;Vold og lignende mod offentlig myndighed;2025K3;1
Ærø;Tyveri/brugstyveri af cykel;2025K3;2
Ærø;Hærværk;2025K3;3
Haderslev;Straffelov i alt;2025K3;505
Haderslev;Voldsforbrydelser i alt;2025K3;62
Haderslev;Vold og lignende mod offentlig myndighed;2025K3;17
Haderslev;Indbrud i beboelser;2025K3;17
Haderslev;Butikstyverier mv.;2025K3;53
Haderslev;Tyveri/brugstyveri af cykel;2025K3;40
Haderslev;Røveri;2025K3;2
Haderslev;Hærværk;2025K3;38
Billund;Straffelov i alt;2025K3;301
Billund;Voldsforbrydelser i alt;2025K3;34
Billund;Vold og lignende mod offentlig myndighed;2025K3;5
Billund;Indbrud i beboelser;2025K3;19
Billund;Butikstyverier mv.;2025K3;41
Billund;Tyveri/brugstyveri af cykel;2025K3;25
Billund;Hærværk;2025K3;24
Sønderborg;Straffelov i alt;2025K3;545
Sønderborg;Voldsforbrydelser i alt;2025K3;82
Sønderborg;Vold og lignende mod offentlig myndighed;2025K3;8
Sønderborg;Indbrud i beboelser;2025K3;21
Sønderborg;Butikstyverier mv.;2025K3;72
Sønderborg;Tyveri/brugstyveri af cykel;2025K3;52
Sønderborg;Røveri;2025K3;2
Sønderborg;Hærværk;2025K3;37
Tønder;Straffelov i alt;2025K3;260
Tønder;Voldsforbrydelser i alt;2025K3;49
Tønder;Vold og lignende mod offentlig myndighed;2025K3;10
Tønder;Indbrud i beboelser;2025K3;12
Tønder;Butikstyverier mv.;2025K3;6
Tønder;Tyveri/brugstyveri af cykel;2025K3;12
Tønder;Røveri;2025K3;1
Tønder;Hærværk;2025K3;31
Esbjerg;Straffelov i alt;2025K3;1287
Esbjerg;Voldsforbrydelser i alt;2025K3;129
Esbjerg;Vold og lignende mod offentlig myndighed;2025K3;27
Esbjerg;Indbrud i beboelser;2025K3;51
Esbjerg;Butikstyverier mv.;2025K3;244
Esbjerg;Tyveri/brugstyveri af cykel;2025K3;172
Esbjerg;Røveri;2025K3;10
Esbjerg;Hærværk;2025K3;92
Fanø;Straffelov i alt;2025K3;37
Fanø;Voldsforbrydelser i alt;2025K3;5
Fanø;Vold og lignende mod offentlig myndighed;2025K3;1
Fanø;Indbrud i beboelser;2025K3;1
Fanø;Butikstyverier mv.;2025K3;1
Fanø;Tyveri/brugstyveri af cykel;2025K3;9
Fanø;Hærværk;2025K3;2
Varde;Straffelov i alt;2025K3;407
Varde;Voldsforbrydelser i alt;2025K3;36
Varde;Vold og lignende mod offentlig myndighed;2025K3;5
Varde;Indbrud i beboelser;2025K3;27
Varde;Butikstyverier mv.;2025K3;31
Varde;Tyveri/brugstyveri af cykel;2025K3;43
Varde;Røveri;2025K3;4
Varde;Hærværk;2025K3;39
Vejen;Straffelov i alt;2025K3;257
Vejen;Voldsforbrydelser i alt;2025K3;22
Vejen;Vold og lignende mod offentlig myndighed;2025K3;6
Vejen;Indbrud i beboelser;2025K3;20
Vejen;Butikstyverier mv.;2025K3;17
Vejen;Tyveri/brugstyveri af cykel;2025K3;14
Vejen;Hærværk;2025K3;19
Aabenraa;Straffelov i alt;2025K3;473
Aabenraa;Voldsforbrydelser i alt;2025K3;85
Aabenraa;Vold og lignende mod offentlig myndighed;2025K3;17
Aabenraa;Indbrud i beboelser;2025K3;17
Aabenraa;Butikstyverier mv.;2025K3;23
Aabenraa;Tyveri/brugstyveri af cykel;2025K3;20
Aabenraa;Røveri;2025K3;1
Aabenraa;Hærværk;2025K3;51
Fredericia;Straffelov i alt;2025K3;611
Fredericia;Voldsforbrydelser i alt;2025K3;65
Fredericia;Vold og lignende mod offentlig myndighed;2025K3;9
Fredericia;Indbrud i beboelser;2025K3;19
Fredericia;Butikstyverier mv.;2025K3;109
Fredericia;Tyveri/brugstyveri af cykel;2025K3;91
Fredericia;Røveri;2025K3;2
Fredericia;Hærværk;2025K3;26
Horsens;Straffelov i alt;2025K3;896
Horsens;Voldsforbrydelser i alt;2025K3;109
Horsens;Vold og lignende mod offentlig myndighed;2025K3;27
Horsens;Opløb/forstyrrelse af offentlig orden;2025K3;6
Horsens;Indbrud i beboelser;2025K3;90
Horsens;Butikstyverier mv.;2025K3;74
Horsens;Tyveri/brugstyveri af cykel;2025K3;65
Horsens;Røveri;2025K3;5
Horsens;Hærværk;2025K3;58
Kolding;Straffelov i alt;2025K3;890
Kolding;Voldsforbrydelser i alt;2025K3;109
Kolding;Vold og lignende mod offentlig myndighed;2025K3;17
Kolding;Indbrud i beboelser;2025K3;72
Kolding;Butikstyverier mv.;2025K3;127
Kolding;Tyveri/brugstyveri af cykel;2025K3;75
Kolding;Røveri;2025K3;7
Kolding;Hærværk;2025K3;63
Vejle;Straffelov i alt;2025K3;1205
Vejle;Voldsforbrydelser i alt;2025K3;142
Vejle;Vold og lignende mod offentlig myndighed;2025K3;37
Vejle;Opløb/forstyrrelse af offentlig orden;2025K3;2
Vejle;Indbrud i beboelser;2025K3;78
Vejle;Butikstyverier mv.;2025K3;120
Vejle;Tyveri/brugstyveri af cykel;2025K3;127
Vejle;Røveri;2025K3;5
Vejle;Hærværk;2025K3;95
Herning;Straffelov i alt;2025K3;772
Herning;Voldsforbrydelser i alt;2025K3;95
Herning;Vold og lignende mod offentlig myndighed;2025K3;28
Herning;Opløb/forstyrrelse af offentlig orden;2025K3;1
Herning;Indbrud i beboelser;2025K3;61
Herning;Butikstyverier mv.;2025K3;99
Herning;Tyveri/brugstyveri af cykel;2025K3;87
Herning;Røveri;2025K3;6
Herning;Hærværk;2025K3;48
Holstebro;Straffelov i alt;2025K3;457
Holstebro;Voldsforbrydelser i alt;2025K3;52
Holstebro;Vold og lignende mod offentlig myndighed;2025K3;14
Holstebro;Indbrud i beboelser;2025K3;31
Holstebro;Butikstyverier mv.;2025K3;76
Holstebro;Tyveri/brugstyveri af cykel;2025K3;48
Holstebro;Hærværk;2025K3;29
Lemvig;Straffelov i alt;2025K3;85
Lemvig;Voldsforbrydelser i alt;2025K3;12
Lemvig;Indbrud i beboelser;2025K3;4
Lemvig;Butikstyverier mv.;2025K3;7
Lemvig;Tyveri/brugstyveri af cykel;2025K3;11
Lemvig;Hærværk;2025K3;9
Struer;Straffelov i alt;2025K3;146
Struer;Voldsforbrydelser i alt;2025K3;13
Struer;Vold og lignende mod offentlig myndighed;2025K3;3
Struer;Indbrud i beboelser;2025K3;7
Struer;Butikstyverier mv.;2025K3;18
Struer;Tyveri/brugstyveri af cykel;2025K3;3
Struer;Røveri;2025K3;1
Struer;Hærværk;2025K3;17
Syddjurs;Straffelov i alt;2025K3;328
Syddjurs;Voldsforbrydelser i alt;2025K3;16
Syddjurs;Vold og lignende mod offentlig myndighed;2025K3;2
Syddjurs;Indbrud i beboelser;2025K3;21
Syddjurs;Butikstyverier mv.;2025K3;23
Syddjurs;Tyveri/brugstyveri af cykel;2025K3;11
Syddjurs;Hærværk;2025K3;46
Norddjurs;Straffelov i alt;2025K3;359
Norddjurs;Voldsforbrydelser i alt;2025K3;46
Norddjurs;Vold og lignende mod offentlig myndighed;2025K3;23
Norddjurs;Indbrud i beboelser;2025K3;56
Norddjurs;Butikstyverier mv.;2025K3;31
Norddjurs;Tyveri/brugstyveri af cykel;2025K3;14
Norddjurs;Hærværk;2025K3;19
Favrskov;Straffelov i alt;2025K3;277
Favrskov;Voldsforbrydelser i alt;2025K3;21
Favrskov;Vold og lignende mod offentlig myndighed;2025K3;8
Favrskov;Indbrud i beboelser;2025K3;35
Favrskov;Butikstyverier mv.;2025K3;20
Favrskov;Tyveri/brugstyveri af cykel;2025K3;10
Favrskov;Røveri;2025K3;1
Favrskov;Hærværk;2025K3;25
Odder;Straffelov i alt;2025K3;158
Odder;Voldsforbrydelser i alt;2025K3;7
Odder;Vold og lignende mod offentlig myndighed;2025K3;3
Odder;Indbrud i beboelser;2025K3;28
Odder;Butikstyverier mv.;2025K3;5
Odder;Tyveri/brugstyveri af cykel;2025K3;16
Odder;Røveri;2025K3;1
Odder;Hærværk;2025K3;8
Randers;Straffelov i alt;2025K3;1023
Randers;Voldsforbrydelser i alt;2025K3;146
Randers;Vold og lignende mod offentlig myndighed;2025K3;63
Randers;Indbrud i beboelser;2025K3;54
Randers;Butikstyverier mv.;2025K3;102
Randers;Tyveri/brugstyveri af cykel;2025K3;137
Randers;Røveri;2025K3;2
Randers;Hærværk;2025K3;90
Silkeborg;Straffelov i alt;2025K3;856
Silkeborg;Voldsforbrydelser i alt;2025K3;97
Silkeborg;Vold og lignende mod offentlig myndighed;2025K3;18
Silkeborg;Opløb/forstyrrelse af offentlig orden;2025K3;1
Silkeborg;Indbrud i beboelser;2025K3;112
Silkeborg;Butikstyverier mv.;2025K3;51
Silkeborg;Tyveri/brugstyveri af cykel;2025K3;101
Silkeborg;Røveri;2025K3;2
Silkeborg;Hærværk;2025K3;58
Samsø;Straffelov i alt;2025K3;50
Samsø;Voldsforbrydelser i alt;2025K3;10
Samsø;Vold og lignende mod offentlig myndighed;2025K3;5
Samsø;Indbrud i beboelser;2025K3;2
Samsø;Butikstyverier mv.;2025K3;1
Samsø;Tyveri/brugstyveri af cykel;2025K3;6
Samsø;Hærværk;2025K3;8
Skanderborg;Straffelov i alt;2025K3;498
Skanderborg;Voldsforbrydelser i alt;2025K3;45
Skanderborg;Vold og lignende mod offentlig myndighed;2025K3;10
Skanderborg;Indbrud i beboelser;2025K3;78
Skanderborg;Butikstyverier mv.;2025K3;17
Skanderborg;Tyveri/brugstyveri af cykel;2025K3;47
Skanderborg;Røveri;2025K3;3
Skanderborg;Hærværk;2025K3;47
Aarhus;Straffelov i alt;2025K3;5937
Aarhus;Voldsforbrydelser i alt;2025K3;397
Aarhus;Vold og lignende mod offentlig myndighed;2025K3;116
Aarhus;Opløb/forstyrrelse af offentlig orden;2025K3;2
Aarhus;Indbrud i beboelser;2025K3;348
Aarhus;Butikstyverier mv.;2025K3;621
Aarhus;Tyveri/brugstyveri af cykel;2025K3;1468
Aarhus;Røveri;2025K3;27
Aarhus;Hærværk;2025K3;262
Ikast-Brande;Straffelov i alt;2025K3;615
Ikast-Brande;Voldsforbrydelser i alt;2025K3;36
Ikast-Brande;Vold og lignende mod offentlig myndighed;2025K3;3
Ikast-Brande;Indbrud i beboelser;2025K3;61
Ikast-Brande;Butikstyverier mv.;2025K3;35
Ikast-Brande;Tyveri/brugstyveri af cykel;2025K3;12
Ikast-Brande;Røveri;2025K3;1
Ikast-Brande;Hærværk;2025K3;46
Ringkøbing-Skjern;Straffelov i alt;2025K3;328
Ringkøbing-Skjern;Voldsforbrydelser i alt;2025K3;14
Ringkøbing-Skjern;Vold og lignende mod offentlig myndighed;2025K3;3
Ringkøbing-Skjern;Indbrud i beboelser;2025K3;25
Ringkøbing-Skjern;Butikstyverier mv.;2025K3;33
Ringkøbing-Skjern;Tyveri/brugstyveri af cykel;2025K3;18
Ringkøbing-Skjern;Røveri;2025K3;1
Ringkøbing-Skjern;Hærværk;2025K3;29
Hedensted;Straffelov i alt;2025K3;341
Hedensted;Voldsforbrydelser i alt;2025K3;33
Hedensted;Vold og lignende mod offentlig myndighed;2025K3;7
Hedensted;Indbrud i beboelser;2025K3;52
Hedensted;Butikstyverier mv.;2025K3;13
Hedensted;Tyveri/brugstyveri af cykel;2025K3;13
Hedensted;Røveri;2025K3;1
Hedensted;Hærværk;2025K3;20
Morsø;Straffelov i alt;2025K3;118
Morsø;Voldsforbrydelser i alt;2025K3;24
Morsø;Vold og lignende mod offentlig myndighed;2025K3;2
Morsø;Indbrud i beboelser;2025K3;7
Morsø;Butikstyverier mv.;2025K3;6
Morsø;Tyveri/brugstyveri af cykel;2025K3;7
Morsø;Hærværk;2025K3;6
Skive;Straffelov i alt;2025K3;360
Skive;Voldsforbrydelser i alt;2025K3;42
Skive;Vold og lignende mod offentlig myndighed;2025K3;6
Skive;Indbrud i beboelser;2025K3;28
Skive;Butikstyverier mv.;2025K3;43
Skive;Tyveri/brugstyveri af cykel;2025K3;34
Skive;Røveri;2025K3;2
Skive;Hærværk;2025K3;22
Thisted;Straffelov i alt;2025K3;210
Thisted;Voldsforbrydelser i alt;2025K3;30
Thisted;Vold og lignende mod offentlig myndighed;2025K3;5
Thisted;Indbrud i beboelser;2025K3;13
Thisted;Butikstyverier mv.;2025K3;12
Thisted;Tyveri/brugstyveri af cykel;2025K3;10
Thisted;Hærværk;2025K3;21
Viborg;Straffelov i alt;2025K3;804
Viborg;Voldsforbrydelser i alt;2025K3;111
Viborg;Vold og lignende mod offentlig myndighed;2025K3;26
Viborg;Opløb/forstyrrelse af offentlig orden;2025K3;3
Viborg;Indbrud i beboelser;2025K3;67
Viborg;Butikstyverier mv.;2025K3;94
Viborg;Tyveri/brugstyveri af cykel;2025K3;79
Viborg;Røveri;2025K3;3
Viborg;Hærværk;2025K3;57
Brønderslev;Straffelov i alt;2025K3;217
Brønderslev;Voldsforbrydelser i alt;2025K3;24
Brønderslev;Vold og lignende mod offentlig myndighed;2025K3;10
Brønderslev;Indbrud i beboelser;2025K3;14
Brønderslev;Butikstyverier mv.;2025K3;14
Brønderslev;Tyveri/brugstyveri af cykel;2025K3;12
Brønderslev;Hærværk;2025K3;20
Frederikshavn;Straffelov i alt;2025K3;558
Frederikshavn;Voldsforbrydelser i alt;2025K3;57
Frederikshavn;Vold og lignende mod offentlig myndighed;2025K3;7
Frederikshavn;Indbrud i beboelser;2025K3;9
Frederikshavn;Butikstyverier mv.;2025K3;43
Frederikshavn;Tyveri/brugstyveri af cykel;2025K3;95
Frederikshavn;Røveri;2025K3;2
Frederikshavn;Hærværk;2025K3;63
Vesthimmerlands;Straffelov i alt;2025K3;304
Vesthimmerlands;Voldsforbrydelser i alt;2025K3;55
Vesthimmerlands;Vold og lignende mod offentlig myndighed;2025K3;20
Vesthimmerlands;Indbrud i beboelser;2025K3;24
Vesthimmerlands;Butikstyverier mv.;2025K3;20
Vesthimmerlands;Tyveri/brugstyveri af cykel;2025K3;10
Vesthimmerlands;Hærværk;2025K3;31
Læsø;Straffelov i alt;2025K3;9
Læsø;Voldsforbrydelser i alt;2025K3;1
Læsø;Hærværk;2025K3;2
Rebild;Straffelov i alt;2025K3;167
Rebild;Voldsforbrydelser i alt;2025K3;10
Rebild;Vold og lignende mod offentlig myndighed;2025K3;1
Rebild;Indbrud i beboelser;2025K3;33
Rebild;Butikstyverier mv.;2025K3;7
Rebild;Tyveri/brugstyveri af cykel;2025K3;10
Rebild;Hærværk;2025K3;9
Mariagerfjord;Straffelov i alt;2025K3;323
Mariagerfjord;Voldsforbrydelser i alt;2025K3;50
Mariagerfjord;Vold og lignende mod offentlig myndighed;2025K3;13
Mariagerfjord;Indbrud i beboelser;2025K3;26
Mariagerfjord;Butikstyverier mv.;2025K3;34
Mariagerfjord;Tyveri/brugstyveri af cykel;2025K3;16
Mariagerfjord;Røveri;2025K3;1
Mariagerfjord;Hærværk;2025K3;32
Jammerbugt;Straffelov i alt;2025K3;277
Jammerbugt;Voldsforbrydelser i alt;2025K3;31
Jammerbugt;Vold og lignende mod offentlig myndighed;2025K3;13
Jammerbugt;Indbrud i beboelser;2025K3;13
Jammerbugt;Butikstyverier mv.;2025K3;11
Jammerbugt;Tyveri/brugstyveri af cykel;2025K3;13
Jammerbugt;Hærværk;2025K3;25
Aalborg;Straffelov i alt;2025K3;2265
Aalborg;Voldsforbrydelser i alt;2025K3;259
Aalborg;Vold og lignende mod offentlig myndighed;2025K3;59
Aalborg;Uagtsomt manddrab/legemsbeskadigelse;2025K3;1
Aalborg;Indbrud i beboelser;2025K3;76
Aalborg;Butikstyverier mv.;2025K3;294
Aalborg;Tyveri/brugstyveri af cykel;2025K3;565
Aalborg;Røveri;2025K3;7
Aalborg;Hærværk;2025K3;137
Hjørring;Straffelov i alt;2025K3;551
Hjørring;Voldsforbrydelser i alt;2025K3;67
Hjørring;Vold og lignende mod offentlig myndighed;2025K3;18
Hjørring;Indbrud i beboelser;2025K3;30
Hjørring;Butikstyverier mv.;2025K3;101
Hjørring;Tyveri/brugstyveri af cykel;2025K3;40
Hjørring;Røveri;2025K3;1
Hjørring;Hærværk;2025K3;29
Uoplyst kommune;Straffelov i alt;2025K3;6046
Uoplyst kommune;Voldsforbrydelser i alt;2025K3;298
Uoplyst kommune;Vold og lignende mod offentlig myndighed;2025K3;33
Uoplyst kommune;Indbrud i beboelser;2025K3;3
Uoplyst kommune;Butikstyverier mv.;2025K3;5
Uoplyst kommune;Tyveri/brugstyveri af cykel;2025K3;4
Uoplyst kommune;Røveri;2025K3;5
Uoplyst kommune;Hærværk;2025K3;9
Hele landet;Straffelov i alt;2025K4;77641
Hele landet;Voldsforbrydelser i alt;2025K4;7556
Hele landet;Vold og lignende mod offentlig myndighed;2025K4;1750
Hele landet;Opløb/forstyrrelse af offentlig orden;2025K4;26
Hele landet;Uagtsomt manddrab/legemsbeskadigelse;2025K4;1
Hele landet;Indbrud i beboelser;2025K4;5641
Hele landet;Butikstyverier mv.;2025K4;6866
Hele landet;Tyveri/brugstyveri af cykel;2025K4;9802
Hele landet;Røveri;2025K4;332
Hele landet;Hærværk;2025K4;5108
Region Nordjylland;Straffelov i alt;2025K4;4445
Region Nordjylland;Voldsforbrydelser i alt;2025K4;649
Region Nordjylland;Vold og lignende mod offentlig myndighed;2025K4;205
Region Nordjylland;Opløb/forstyrrelse af offentlig orden;2025K4;1
Region Nordjylland;Indbrud i beboelser;2025K4;297
Region Nordjylland;Butikstyverier mv.;2025K4;462
Region Nordjylland;Tyveri/brugstyveri af cykel;2025K4;483
Region Nordjylland;Røveri;2025K4;19
Region Nordjylland;Hærværk;2025K4;405
Region Midtjylland;Straffelov i alt;2025K4;12927
Region Midtjylland;Voldsforbrydelser i alt;2025K4;1260
Region Midtjylland;Vold og lignende mod offentlig myndighed;2025K4;373
Region Midtjylland;Opløb/forstyrrelse af offentlig orden;2025K4;10
Region Midtjylland;Indbrud i beboelser;2025K4;1352
Region Midtjylland;Butikstyverier mv.;2025K4;1289
Region Midtjylland;Tyveri/brugstyveri af cykel;2025K4;1608
Region Midtjylland;Røveri;2025K4;74
Region Midtjylland;Hærværk;2025K4;1110
Region Syddanmark;Straffelov i alt;2025K4;13204
Region Syddanmark;Voldsforbrydelser i alt;2025K4;1690
Region Syddanmark;Vold og lignende mod offentlig myndighed;2025K4;427
Region Syddanmark;Opløb/forstyrrelse af offentlig orden;2025K4;4
Region Syddanmark;Uagtsomt manddrab/legemsbeskadigelse;2025K4;1
Region Syddanmark;Indbrud i beboelser;2025K4;1235
Region Syddanmark;Butikstyverier mv.;2025K4;1474
Region Syddanmark;Tyveri/brugstyveri af cykel;2025K4;1296
Region Syddanmark;Røveri;2025K4;62
Region Syddanmark;Hærværk;2025K4;1054
Region Hovedstaden;Straffelov i alt;2025K4;30564
Region Hovedstaden;Voldsforbrydelser i alt;2025K4;2424
Region Hovedstaden;Vold og lignende mod offentlig myndighed;2025K4;429
Region Hovedstaden;Opløb/forstyrrelse af offentlig orden;2025K4;9
Region Hovedstaden;Indbrud i beboelser;2025K4;2058
Region Hovedstaden;Butikstyverier mv.;2025K4;2934
Region Hovedstaden;Tyveri/brugstyveri af cykel;2025K4;5737
Region Hovedstaden;Røveri;2025K4;133
Region Hovedstaden;Hærværk;2025K4;1705
Region Sjælland;Straffelov i alt;2025K4;8533
Region Sjælland;Voldsforbrydelser i alt;2025K4;1176
Region Sjælland;Vold og lignende mod offentlig myndighed;2025K4;287
Region Sjælland;Opløb/forstyrrelse af offentlig orden;2025K4;2
Region Sjælland;Indbrud i beboelser;2025K4;697
Region Sjælland;Butikstyverier mv.;2025K4;697
Region Sjælland;Tyveri/brugstyveri af cykel;2025K4;678
Region Sjælland;Røveri;2025K4;42
Region Sjælland;Hærværk;2025K4;824
København;Straffelov i alt;2025K4;14713
København;Voldsforbrydelser i alt;2025K4;971
København;Vold og lignende mod offentlig myndighed;2025K4;221
København;Opløb/forstyrrelse af offentlig orden;2025K4;1
København;Indbrud i beboelser;2025K4;314
København;Butikstyverier mv.;2025K4;1353
København;Tyveri/brugstyveri af cykel;2025K4;3524
København;Røveri;2025K4;77
København;Hærværk;2025K4;539
Frederiksberg;Straffelov i alt;2025K4;1574
Frederiksberg;Voldsforbrydelser i alt;2025K4;75
Frederiksberg;Vold og lignende mod offentlig myndighed;2025K4;12
Frederiksberg;Indbrud i beboelser;2025K4;33
Frederiksberg;Butikstyverier mv.;2025K4;142
Frederiksberg;Tyveri/brugstyveri af cykel;2025K4;485
Frederiksberg;Røveri;2025K4;2
Frederiksberg;Hærværk;2025K4;164
Ballerup;Straffelov i alt;2025K4;685
Ballerup;Voldsforbrydelser i alt;2025K4;69
Ballerup;Vold og lignende mod offentlig myndighed;2025K4;10
Ballerup;Indbrud i beboelser;2025K4;65
Ballerup;Butikstyverier mv.;2025K4;81
Ballerup;Tyveri/brugstyveri af cykel;2025K4;83
Ballerup;Røveri;2025K4;2
Ballerup;Hærværk;2025K4;40
Brøndby;Straffelov i alt;2025K4;459
Brøndby;Voldsforbrydelser i alt;2025K4;67
Brøndby;Vold og lignende mod offentlig myndighed;2025K4;9
Brøndby;Opløb/forstyrrelse af offentlig orden;2025K4;2
Brøndby;Indbrud i beboelser;2025K4;30
Brøndby;Butikstyverier mv.;2025K4;39
Brøndby;Tyveri/brugstyveri af cykel;2025K4;49
Brøndby;Røveri;2025K4;3
Brøndby;Hærværk;2025K4;31
Dragør;Straffelov i alt;2025K4;86
Dragør;Voldsforbrydelser i alt;2025K4;11
Dragør;Indbrud i beboelser;2025K4;10
Dragør;Butikstyverier mv.;2025K4;4
Dragør;Tyveri/brugstyveri af cykel;2025K4;7
Dragør;Hærværk;2025K4;4
Gentofte;Straffelov i alt;2025K4;1093
Gentofte;Voldsforbrydelser i alt;2025K4;64
Gentofte;Vold og lignende mod offentlig myndighed;2025K4;6
Gentofte;Indbrud i beboelser;2025K4;202
Gentofte;Butikstyverier mv.;2025K4;50
Gentofte;Tyveri/brugstyveri af cykel;2025K4;186
Gentofte;Røveri;2025K4;6
Gentofte;Hærværk;2025K4;116
Gladsaxe;Straffelov i alt;2025K4;854
Gladsaxe;Voldsforbrydelser i alt;2025K4;78
Gladsaxe;Vold og lignende mod offentlig myndighed;2025K4;16
Gladsaxe;Indbrud i beboelser;2025K4;147
Gladsaxe;Butikstyverier mv.;2025K4;72
Gladsaxe;Tyveri/brugstyveri af cykel;2025K4;135
Gladsaxe;Røveri;2025K4;3
Gladsaxe;Hærværk;2025K4;47
Glostrup;Straffelov i alt;2025K4;486
Glostrup;Voldsforbrydelser i alt;2025K4;42
Glostrup;Vold og lignende mod offentlig myndighed;2025K4;9
Glostrup;Opløb/forstyrrelse af offentlig orden;2025K4;1
Glostrup;Indbrud i beboelser;2025K4;27
Glostrup;Butikstyverier mv.;2025K4;46
Glostrup;Tyveri/brugstyveri af cykel;2025K4;75
Glostrup;Røveri;2025K4;5
Glostrup;Hærværk;2025K4;26
Herlev;Straffelov i alt;2025K4;410
Herlev;Voldsforbrydelser i alt;2025K4;35
Herlev;Vold og lignende mod offentlig myndighed;2025K4;2
Herlev;Indbrud i beboelser;2025K4;45
Herlev;Butikstyverier mv.;2025K4;38
Herlev;Tyveri/brugstyveri af cykel;2025K4;71
Herlev;Røveri;2025K4;4
Herlev;Hærværk;2025K4;29
Albertslund;Straffelov i alt;2025K4;400
Albertslund;Voldsforbrydelser i alt;2025K4;35
Albertslund;Vold og lignende mod offentlig myndighed;2025K4;4
Albertslund;Indbrud i beboelser;2025K4;29
Albertslund;Butikstyverier mv.;2025K4;31
Albertslund;Tyveri/brugstyveri af cykel;2025K4;36
Albertslund;Røveri;2025K4;1
Albertslund;Hærværk;2025K4;45
Hvidovre;Straffelov i alt;2025K4;767
Hvidovre;Voldsforbrydelser i alt;2025K4;56
Hvidovre;Vold og lignende mod offentlig myndighed;2025K4;16
Hvidovre;Indbrud i beboelser;2025K4;59
Hvidovre;Butikstyverier mv.;2025K4;72
Hvidovre;Tyveri/brugstyveri af cykel;2025K4;118
Hvidovre;Røveri;2025K4;4
Hvidovre;Hærværk;2025K4;54
Høje-Taastrup;Straffelov i alt;2025K4;673
Høje-Taastrup;Voldsforbrydelser i alt;2025K4;55
Høje-Taastrup;Vold og lignende mod offentlig myndighed;2025K4;4
Høje-Taastrup;Indbrud i beboelser;2025K4;44
Høje-Taastrup;Butikstyverier mv.;2025K4;75
Høje-Taastrup;Tyveri/brugstyveri af cykel;2025K4;72
Høje-Taastrup;Røveri;2025K4;6
Høje-Taastrup;Hærværk;2025K4;42
Lyngby-Taarbæk;Straffelov i alt;2025K4;786
Lyngby-Taarbæk;Voldsforbrydelser i alt;2025K4;48
Lyngby-Taarbæk;Vold og lignende mod offentlig myndighed;2025K4;6
Lyngby-Taarbæk;Indbrud i beboelser;2025K4;108
Lyngby-Taarbæk;Butikstyverier mv.;2025K4;74
Lyngby-Taarbæk;Tyveri/brugstyveri af cykel;2025K4;156
Lyngby-Taarbæk;Røveri;2025K4;1
Lyngby-Taarbæk;Hærværk;2025K4;21
Rødovre;Straffelov i alt;2025K4;675
Rødovre;Voldsforbrydelser i alt;2025K4;50
Rødovre;Vold og lignende mod offentlig myndighed;2025K4;3
Rødovre;Indbrud i beboelser;2025K4;50
Rødovre;Butikstyverier mv.;2025K4;169
Rødovre;Tyveri/brugstyveri af cykel;2025K4;95
Rødovre;Røveri;2025K4;5
Rødovre;Hærværk;2025K4;24
Ishøj;Straffelov i alt;2025K4;383
Ishøj;Voldsforbrydelser i alt;2025K4;44
Ishøj;Vold og lignende mod offentlig myndighed;2025K4;2
Ishøj;Indbrud i beboelser;2025K4;41
Ishøj;Butikstyverier mv.;2025K4;67
Ishøj;Tyveri/brugstyveri af cykel;2025K4;23
Ishøj;Røveri;2025K4;1
Ishøj;Hærværk;2025K4;25
Tårnby;Straffelov i alt;2025K4;841
Tårnby;Voldsforbrydelser i alt;2025K4;76
Tårnby;Vold og lignende mod offentlig myndighed;2025K4;12
Tårnby;Opløb/forstyrrelse af offentlig orden;2025K4;5
Tårnby;Indbrud i beboelser;2025K4;41
Tårnby;Butikstyverier mv.;2025K4;107
Tårnby;Tyveri/brugstyveri af cykel;2025K4;99
Tårnby;Røveri;2025K4;2
Tårnby;Hærværk;2025K4;74
Vallensbæk;Straffelov i alt;2025K4;223
Vallensbæk;Voldsforbrydelser i alt;2025K4;17
Vallensbæk;Vold og lignende mod offentlig myndighed;2025K4;2
Vallensbæk;Indbrud i beboelser;2025K4;59
Vallensbæk;Butikstyverier mv.;2025K4;18
Vallensbæk;Tyveri/brugstyveri af cykel;2025K4;19
Vallensbæk;Hærværk;2025K4;9
Furesø;Straffelov i alt;2025K4;464
Furesø;Voldsforbrydelser i alt;2025K4;44
Furesø;Vold og lignende mod offentlig myndighed;2025K4;5
Furesø;Indbrud i beboelser;2025K4;73
Furesø;Butikstyverier mv.;2025K4;53
Furesø;Tyveri/brugstyveri af cykel;2025K4;57
Furesø;Hærværk;2025K4;26
Allerød;Straffelov i alt;2025K4;282
Allerød;Voldsforbrydelser i alt;2025K4;18
Allerød;Vold og lignende mod offentlig myndighed;2025K4;3
Allerød;Indbrud i beboelser;2025K4;34
Allerød;Butikstyverier mv.;2025K4;24
Allerød;Tyveri/brugstyveri af cykel;2025K4;56
Allerød;Røveri;2025K4;2
Allerød;Hærværk;2025K4;13
Fredensborg;Straffelov i alt;2025K4;425
Fredensborg;Voldsforbrydelser i alt;2025K4;30
Fredensborg;Vold og lignende mod offentlig myndighed;2025K4;3
Fredensborg;Indbrud i beboelser;2025K4;70
Fredensborg;Butikstyverier mv.;2025K4;37
Fredensborg;Tyveri/brugstyveri af cykel;2025K4;37
Fredensborg;Røveri;2025K4;2
Fredensborg;Hærværk;2025K4;29
Helsingør;Straffelov i alt;2025K4;933
Helsingør;Voldsforbrydelser i alt;2025K4;100
Helsingør;Vold og lignende mod offentlig myndighed;2025K4;11
Helsingør;Indbrud i beboelser;2025K4;163
Helsingør;Butikstyverier mv.;2025K4;119
Helsingør;Tyveri/brugstyveri af cykel;2025K4;71
Helsingør;Røveri;2025K4;3
Helsingør;Hærværk;2025K4;48
Hillerød;Straffelov i alt;2025K4;783
Hillerød;Voldsforbrydelser i alt;2025K4;119
Hillerød;Vold og lignende mod offentlig myndighed;2025K4;36
Hillerød;Indbrud i beboelser;2025K4;44
Hillerød;Butikstyverier mv.;2025K4;109
Hillerød;Tyveri/brugstyveri af cykel;2025K4;77
Hillerød;Røveri;2025K4;1
Hillerød;Hærværk;2025K4;53
Hørsholm;Straffelov i alt;2025K4;310
Hørsholm;Voldsforbrydelser i alt;2025K4;37
Hørsholm;Vold og lignende mod offentlig myndighed;2025K4;10
Hørsholm;Indbrud i beboelser;2025K4;68
Hørsholm;Butikstyverier mv.;2025K4;31
Hørsholm;Tyveri/brugstyveri af cykel;2025K4;18
Hørsholm;Hærværk;2025K4;17
Rudersdal;Straffelov i alt;2025K4;593
Rudersdal;Voldsforbrydelser i alt;2025K4;41
Rudersdal;Vold og lignende mod offentlig myndighed;2025K4;8
Rudersdal;Indbrud i beboelser;2025K4;132
Rudersdal;Butikstyverier mv.;2025K4;30
Rudersdal;Tyveri/brugstyveri af cykel;2025K4;102
Rudersdal;Røveri;2025K4;2
Rudersdal;Hærværk;2025K4;24
Egedal;Straffelov i alt;2025K4;364
Egedal;Voldsforbrydelser i alt;2025K4;25
Egedal;Vold og lignende mod offentlig myndighed;2025K4;1
Egedal;Indbrud i beboelser;2025K4;65
Egedal;Butikstyverier mv.;2025K4;21
Egedal;Tyveri/brugstyveri af cykel;2025K4;34
Egedal;Hærværk;2025K4;35
Frederikssund;Straffelov i alt;2025K4;469
Frederikssund;Voldsforbrydelser i alt;2025K4;79
Frederikssund;Vold og lignende mod offentlig myndighed;2025K4;7
Frederikssund;Indbrud i beboelser;2025K4;48
Frederikssund;Butikstyverier mv.;2025K4;23
Frederikssund;Tyveri/brugstyveri af cykel;2025K4;19
Frederikssund;Hærværk;2025K4;47
Greve;Straffelov i alt;2025K4;574
Greve;Voldsforbrydelser i alt;2025K4;49
Greve;Vold og lignende mod offentlig myndighed;2025K4;2
Greve;Indbrud i beboelser;2025K4;82
Greve;Butikstyverier mv.;2025K4;56
Greve;Tyveri/brugstyveri af cykel;2025K4;80
Greve;Røveri;2025K4;5
Greve;Hærværk;2025K4;35
Køge;Straffelov i alt;2025K4;678
Køge;Voldsforbrydelser i alt;2025K4;100
Køge;Vold og lignende mod offentlig myndighed;2025K4;22
Køge;Indbrud i beboelser;2025K4;32
Køge;Butikstyverier mv.;2025K4;44
Køge;Tyveri/brugstyveri af cykel;2025K4;93
Køge;Røveri;2025K4;8
Køge;Hærværk;2025K4;46
Halsnæs;Straffelov i alt;2025K4;239
Halsnæs;Voldsforbrydelser i alt;2025K4;39
Halsnæs;Vold og lignende mod offentlig myndighed;2025K4;2
Halsnæs;Indbrud i beboelser;2025K4;16
Halsnæs;Butikstyverier mv.;2025K4;20
Halsnæs;Tyveri/brugstyveri af cykel;2025K4;9
Halsnæs;Røveri;2025K4;1
Halsnæs;Hærværk;2025K4;33
Roskilde;Straffelov i alt;2025K4;881
Roskilde;Voldsforbrydelser i alt;2025K4;101
Roskilde;Vold og lignende mod offentlig myndighed;2025K4;28
Roskilde;Indbrud i beboelser;2025K4;57
Roskilde;Butikstyverier mv.;2025K4;83
Roskilde;Tyveri/brugstyveri af cykel;2025K4;117
Roskilde;Røveri;2025K4;4
Roskilde;Hærværk;2025K4;73
Solrød;Straffelov i alt;2025K4;214
Solrød;Voldsforbrydelser i alt;2025K4;21
Solrød;Vold og lignende mod offentlig myndighed;2025K4;1
Solrød;Opløb/forstyrrelse af offentlig orden;2025K4;1
Solrød;Indbrud i beboelser;2025K4;30
Solrød;Butikstyverier mv.;2025K4;18
Solrød;Tyveri/brugstyveri af cykel;2025K4;37
Solrød;Røveri;2025K4;1
Solrød;Hærværk;2025K4;11
Gribskov;Straffelov i alt;2025K4;388
Gribskov;Voldsforbrydelser i alt;2025K4;58
Gribskov;Vold og lignende mod offentlig myndighed;2025K4;3
Gribskov;Indbrud i beboelser;2025K4;33
Gribskov;Butikstyverier mv.;2025K4;22
Gribskov;Tyveri/brugstyveri af cykel;2025K4;10
Gribskov;Hærværk;2025K4;58
Odsherred;Straffelov i alt;2025K4;322
Odsherred;Voldsforbrydelser i alt;2025K4;72
Odsherred;Vold og lignende mod offentlig myndighed;2025K4;22
Odsherred;Indbrud i beboelser;2025K4;37
Odsherred;Butikstyverier mv.;2025K4;12
Odsherred;Tyveri/brugstyveri af cykel;2025K4;9
Odsherred;Røveri;2025K4;2
Odsherred;Hærværk;2025K4;30
Holbæk;Straffelov i alt;2025K4;671
Holbæk;Voldsforbrydelser i alt;2025K4;101
Holbæk;Vold og lignende mod offentlig myndighed;2025K4;30
Holbæk;Opløb/forstyrrelse af offentlig orden;2025K4;1
Holbæk;Indbrud i beboelser;2025K4;81
Holbæk;Butikstyverier mv.;2025K4;66
Holbæk;Tyveri/brugstyveri af cykel;2025K4;40
Holbæk;Røveri;2025K4;1
Holbæk;Hærværk;2025K4;58
Faxe;Straffelov i alt;2025K4;304
Faxe;Voldsforbrydelser i alt;2025K4;36
Faxe;Vold og lignende mod offentlig myndighed;2025K4;10
Faxe;Indbrud i beboelser;2025K4;13
Faxe;Butikstyverier mv.;2025K4;31
Faxe;Tyveri/brugstyveri af cykel;2025K4;12
Faxe;Røveri;2025K4;1
Faxe;Hærværk;2025K4;26
Kalundborg;Straffelov i alt;2025K4;438
Kalundborg;Voldsforbrydelser i alt;2025K4;58
Kalundborg;Vold og lignende mod offentlig myndighed;2025K4;5
Kalundborg;Indbrud i beboelser;2025K4;24
Kalundborg;Butikstyverier mv.;2025K4;32
Kalundborg;Tyveri/brugstyveri af cykel;2025K4;10
Kalundborg;Røveri;2025K4;2
Kalundborg;Hærværk;2025K4;45
Ringsted;Straffelov i alt;2025K4;331
Ringsted;Voldsforbrydelser i alt;2025K4;37
Ringsted;Vold og lignende mod offentlig myndighed;2025K4;5
Ringsted;Indbrud i beboelser;2025K4;17
Ringsted;Butikstyverier mv.;2025K4;37
Ringsted;Tyveri/brugstyveri af cykel;2025K4;16
Ringsted;Røveri;2025K4;1
Ringsted;Hærværk;2025K4;20
Slagelse;Straffelov i alt;2025K4;1121
Slagelse;Voldsforbrydelser i alt;2025K4;148
Slagelse;Vold og lignende mod offentlig myndighed;2025K4;52
Slagelse;Indbrud i beboelser;2025K4;53
Slagelse;Butikstyverier mv.;2025K4;111
Slagelse;Tyveri/brugstyveri af cykel;2025K4;63
Slagelse;Røveri;2025K4;6
Slagelse;Hærværk;2025K4;174
Stevns;Straffelov i alt;2025K4;188
Stevns;Voldsforbrydelser i alt;2025K4;25
Stevns;Vold og lignende mod offentlig myndighed;2025K4;7
Stevns;Indbrud i beboelser;2025K4;21
Stevns;Butikstyverier mv.;2025K4;4
Stevns;Tyveri/brugstyveri af cykel;2025K4;5
Stevns;Hærværk;2025K4;13
Sorø;Straffelov i alt;2025K4;271
Sorø;Voldsforbrydelser i alt;2025K4;47
Sorø;Vold og lignende mod offentlig myndighed;2025K4;7
Sorø;Indbrud i beboelser;2025K4;23
Sorø;Butikstyverier mv.;2025K4;16
Sorø;Tyveri/brugstyveri af cykel;2025K4;19
Sorø;Hærværk;2025K4;21
Lejre;Straffelov i alt;2025K4;205
Lejre;Voldsforbrydelser i alt;2025K4;27
Lejre;Vold og lignende mod offentlig myndighed;2025K4;4
Lejre;Indbrud i beboelser;2025K4;15
Lejre;Butikstyverier mv.;2025K4;17
Lejre;Tyveri/brugstyveri af cykel;2025K4;14
Lejre;Hærværk;2025K4;24
Lolland;Straffelov i alt;2025K4;478
Lolland;Voldsforbrydelser i alt;2025K4;79
Lolland;Vold og lignende mod offentlig myndighed;2025K4;17
Lolland;Indbrud i beboelser;2025K4;45
Lolland;Butikstyverier mv.;2025K4;33
Lolland;Tyveri/brugstyveri af cykel;2025K4;29
Lolland;Røveri;2025K4;2
Lolland;Hærværk;2025K4;59
Næstved;Straffelov i alt;2025K4;942
Næstved;Voldsforbrydelser i alt;2025K4;101
Næstved;Vold og lignende mod offentlig myndighed;2025K4;11
Næstved;Indbrud i beboelser;2025K4;95
Næstved;Butikstyverier mv.;2025K4;84
Næstved;Tyveri/brugstyveri af cykel;2025K4;91
Næstved;Røveri;2025K4;3
Næstved;Hærværk;2025K4;78
Guldborgsund;Straffelov i alt;2025K4;550
Guldborgsund;Voldsforbrydelser i alt;2025K4;122
Guldborgsund;Vold og lignende mod offentlig myndighed;2025K4;43
Guldborgsund;Indbrud i beboelser;2025K4;34
Guldborgsund;Butikstyverier mv.;2025K4;39
Guldborgsund;Tyveri/brugstyveri af cykel;2025K4;21
Guldborgsund;Røveri;2025K4;5
Guldborgsund;Hærværk;2025K4;58
Vordingborg;Straffelov i alt;2025K4;365
Vordingborg;Voldsforbrydelser i alt;2025K4;52
Vordingborg;Vold og lignende mod offentlig myndighed;2025K4;21
Vordingborg;Indbrud i beboelser;2025K4;38
Vordingborg;Butikstyverier mv.;2025K4;14
Vordingborg;Tyveri/brugstyveri af cykel;2025K4;22
Vordingborg;Røveri;2025K4;1
Vordingborg;Hærværk;2025K4;53
Bornholm;Straffelov i alt;2025K4;204
Bornholm;Voldsforbrydelser i alt;2025K4;41
Bornholm;Vold og lignende mod offentlig myndighed;2025K4;6
Bornholm;Indbrud i beboelser;2025K4;8
Bornholm;Butikstyverier mv.;2025K4;7
Bornholm;Tyveri/brugstyveri af cykel;2025K4;14
Bornholm;Hærværk;2025K4;32
Middelfart;Straffelov i alt;2025K4;415
Middelfart;Voldsforbrydelser i alt;2025K4;52
Middelfart;Vold og lignende mod offentlig myndighed;2025K4;28
Middelfart;Indbrud i beboelser;2025K4;59
Middelfart;Butikstyverier mv.;2025K4;52
Middelfart;Tyveri/brugstyveri af cykel;2025K4;20
Middelfart;Hærværk;2025K4;22
Christiansø;Straffelov i alt;2025K4;2
Assens;Straffelov i alt;2025K4;372
Assens;Voldsforbrydelser i alt;2025K4;55
Assens;Vold og lignende mod offentlig myndighed;2025K4;10
Assens;Indbrud i beboelser;2025K4;57
Assens;Butikstyverier mv.;2025K4;22
Assens;Tyveri/brugstyveri af cykel;2025K4;17
Assens;Røveri;2025K4;3
Assens;Hærværk;2025K4;39
Faaborg-Midtfyn;Straffelov i alt;2025K4;437
Faaborg-Midtfyn;Voldsforbrydelser i alt;2025K4;52
Faaborg-Midtfyn;Vold og lignende mod offentlig myndighed;2025K4;11
Faaborg-Midtfyn;Indbrud i beboelser;2025K4;86
Faaborg-Midtfyn;Butikstyverier mv.;2025K4;14
Faaborg-Midtfyn;Tyveri/brugstyveri af cykel;2025K4;32
Faaborg-Midtfyn;Hærværk;2025K4;38
Kerteminde;Straffelov i alt;2025K4;216
Kerteminde;Voldsforbrydelser i alt;2025K4;28
Kerteminde;Vold og lignende mod offentlig myndighed;2025K4;6
Kerteminde;Indbrud i beboelser;2025K4;42
Kerteminde;Butikstyverier mv.;2025K4;21
Kerteminde;Tyveri/brugstyveri af cykel;2025K4;18
Kerteminde;Røveri;2025K4;1
Kerteminde;Hærværk;2025K4;20
Nyborg;Straffelov i alt;2025K4;359
Nyborg;Voldsforbrydelser i alt;2025K4;61
Nyborg;Vold og lignende mod offentlig myndighed;2025K4;19
Nyborg;Opløb/forstyrrelse af offentlig orden;2025K4;1
Nyborg;Indbrud i beboelser;2025K4;49
Nyborg;Butikstyverier mv.;2025K4;31
Nyborg;Tyveri/brugstyveri af cykel;2025K4;23
Nyborg;Hærværk;2025K4;25
Odense;Straffelov i alt;2025K4;3608
Odense;Voldsforbrydelser i alt;2025K4;374
Odense;Vold og lignende mod offentlig myndighed;2025K4;131
Odense;Opløb/forstyrrelse af offentlig orden;2025K4;1
Odense;Indbrud i beboelser;2025K4;302
Odense;Butikstyverier mv.;2025K4;533
Odense;Tyveri/brugstyveri af cykel;2025K4;527
Odense;Røveri;2025K4;19
Odense;Hærværk;2025K4;228
Svendborg;Straffelov i alt;2025K4;501
Svendborg;Voldsforbrydelser i alt;2025K4;69
Svendborg;Vold og lignende mod offentlig myndighed;2025K4;23
Svendborg;Indbrud i beboelser;2025K4;79
Svendborg;Butikstyverier mv.;2025K4;28
Svendborg;Tyveri/brugstyveri af cykel;2025K4;67
Svendborg;Hærværk;2025K4;50
Nordfyns;Straffelov i alt;2025K4;414
Nordfyns;Voldsforbrydelser i alt;2025K4;138
Nordfyns;Vold og lignende mod offentlig myndighed;2025K4;15
Nordfyns;Indbrud i beboelser;2025K4;33
Nordfyns;Butikstyverier mv.;2025K4;12
Nordfyns;Tyveri/brugstyveri af cykel;2025K4;7
Nordfyns;Hærværk;2025K4;29
Langeland;Straffelov i alt;2025K4;82
Langeland;Voldsforbrydelser i alt;2025K4;10
Langeland;Uagtsomt manddrab/legemsbeskadigelse;2025K4;1
Langeland;Indbrud i beboelser;2025K4;7
Langeland;Butikstyverier mv.;2025K4;5
Langeland;Tyveri/brugstyveri af cykel;2025K4;2
Langeland;Hærværk;2025K4;18
Ærø;Straffelov i alt;2025K4;27
Ærø;Voldsforbrydelser i alt;2025K4;5
Ærø;Vold og lignende mod offentlig myndighed;2025K4;1
Ærø;Tyveri/brugstyveri af cykel;2025K4;1
Ærø;Hærværk;2025K4;6
Haderslev;Straffelov i alt;2025K4;483
Haderslev;Voldsforbrydelser i alt;2025K4;51
Haderslev;Vold og lignende mod offentlig myndighed;2025K4;6
Haderslev;Indbrud i beboelser;2025K4;40
Haderslev;Butikstyverier mv.;2025K4;51
Haderslev;Tyveri/brugstyveri af cykel;2025K4;27
Haderslev;Røveri;2025K4;1
Haderslev;Hærværk;2025K4;50
Billund;Straffelov i alt;2025K4;275
Billund;Voldsforbrydelser i alt;2025K4;28
Billund;Vold og lignende mod offentlig myndighed;2025K4;2
Billund;Indbrud i beboelser;2025K4;41
Billund;Butikstyverier mv.;2025K4;12
Billund;Tyveri/brugstyveri af cykel;2025K4;24
Billund;Hærværk;2025K4;12
Sønderborg;Straffelov i alt;2025K4;539
Sønderborg;Voldsforbrydelser i alt;2025K4;103
Sønderborg;Vold og lignende mod offentlig myndighed;2025K4;42
Sønderborg;Indbrud i beboelser;2025K4;22
Sønderborg;Butikstyverier mv.;2025K4;93
Sønderborg;Tyveri/brugstyveri af cykel;2025K4;34
Sønderborg;Røveri;2025K4;2
Sønderborg;Hærværk;2025K4;59
Tønder;Straffelov i alt;2025K4;287
Tønder;Voldsforbrydelser i alt;2025K4;48
Tønder;Vold og lignende mod offentlig myndighed;2025K4;5
Tønder;Indbrud i beboelser;2025K4;27
Tønder;Butikstyverier mv.;2025K4;12
Tønder;Tyveri/brugstyveri af cykel;2025K4;8
Tønder;Røveri;2025K4;1
Tønder;Hærværk;2025K4;28
Esbjerg;Straffelov i alt;2025K4;1174
Esbjerg;Voldsforbrydelser i alt;2025K4;136
Esbjerg;Vold og lignende mod offentlig myndighed;2025K4;30
Esbjerg;Indbrud i beboelser;2025K4;77
Esbjerg;Butikstyverier mv.;2025K4;203
Esbjerg;Tyveri/brugstyveri af cykel;2025K4;167
Esbjerg;Røveri;2025K4;5
Esbjerg;Hærværk;2025K4;91
Fanø;Straffelov i alt;2025K4;28
Fanø;Voldsforbrydelser i alt;2025K4;2
Fanø;Butikstyverier mv.;2025K4;7
Fanø;Tyveri/brugstyveri af cykel;2025K4;3
Fanø;Hærværk;2025K4;7
Varde;Straffelov i alt;2025K4;342
Varde;Voldsforbrydelser i alt;2025K4;33
Varde;Vold og lignende mod offentlig myndighed;2025K4;7
Varde;Indbrud i beboelser;2025K4;47
Varde;Butikstyverier mv.;2025K4;16
Varde;Tyveri/brugstyveri af cykel;2025K4;13
Varde;Røveri;2025K4;2
Varde;Hærværk;2025K4;26
Vejen;Straffelov i alt;2025K4;288
Vejen;Voldsforbrydelser i alt;2025K4;37
Vejen;Vold og lignende mod offentlig myndighed;2025K4;6
Vejen;Indbrud i beboelser;2025K4;32
Vejen;Butikstyverier mv.;2025K4;9
Vejen;Tyveri/brugstyveri af cykel;2025K4;18
Vejen;Røveri;2025K4;3
Vejen;Hærværk;2025K4;46
Aabenraa;Straffelov i alt;2025K4;462
Aabenraa;Voldsforbrydelser i alt;2025K4;52
Aabenraa;Vold og lignende mod offentlig myndighed;2025K4;16
Aabenraa;Opløb/forstyrrelse af offentlig orden;2025K4;1
Aabenraa;Indbrud i beboelser;2025K4;11
Aabenraa;Butikstyverier mv.;2025K4;25
Aabenraa;Tyveri/brugstyveri af cykel;2025K4;13
Aabenraa;Røveri;2025K4;3
Aabenraa;Hærværk;2025K4;61
Fredericia;Straffelov i alt;2025K4;707
Fredericia;Voldsforbrydelser i alt;2025K4;60
Fredericia;Vold og lignende mod offentlig myndighed;2025K4;9
Fredericia;Indbrud i beboelser;2025K4;34
Fredericia;Butikstyverier mv.;2025K4;116
Fredericia;Tyveri/brugstyveri af cykel;2025K4;96
Fredericia;Røveri;2025K4;9
Fredericia;Hærværk;2025K4;27
Horsens;Straffelov i alt;2025K4;855
Horsens;Voldsforbrydelser i alt;2025K4;118
Horsens;Vold og lignende mod offentlig myndighed;2025K4;31
Horsens;Opløb/forstyrrelse af offentlig orden;2025K4;1
Horsens;Indbrud i beboelser;2025K4;96
Horsens;Butikstyverier mv.;2025K4;83
Horsens;Tyveri/brugstyveri af cykel;2025K4;57
Horsens;Røveri;2025K4;2
Horsens;Hærværk;2025K4;59
Kolding;Straffelov i alt;2025K4;894
Kolding;Voldsforbrydelser i alt;2025K4;114
Kolding;Vold og lignende mod offentlig myndighed;2025K4;16
Kolding;Indbrud i beboelser;2025K4;69
Kolding;Butikstyverier mv.;2025K4;109
Kolding;Tyveri/brugstyveri af cykel;2025K4;58
Kolding;Røveri;2025K4;5
Kolding;Hærværk;2025K4;70
Vejle;Straffelov i alt;2025K4;1294
Vejle;Voldsforbrydelser i alt;2025K4;182
Vejle;Vold og lignende mod offentlig myndighed;2025K4;44
Vejle;Opløb/forstyrrelse af offentlig orden;2025K4;1
Vejle;Indbrud i beboelser;2025K4;121
Vejle;Butikstyverier mv.;2025K4;103
Vejle;Tyveri/brugstyveri af cykel;2025K4;121
Vejle;Røveri;2025K4;8
Vejle;Hærværk;2025K4;102
Herning;Straffelov i alt;2025K4;899
Herning;Voldsforbrydelser i alt;2025K4;100
Herning;Vold og lignende mod offentlig myndighed;2025K4;20
Herning;Opløb/forstyrrelse af offentlig orden;2025K4;3
Herning;Indbrud i beboelser;2025K4;97
Herning;Butikstyverier mv.;2025K4;143
Herning;Tyveri/brugstyveri af cykel;2025K4;103
Herning;Røveri;2025K4;8
Herning;Hærværk;2025K4;70
Holstebro;Straffelov i alt;2025K4;555
Holstebro;Voldsforbrydelser i alt;2025K4;70
Holstebro;Vold og lignende mod offentlig myndighed;2025K4;14
Holstebro;Indbrud i beboelser;2025K4;55
Holstebro;Butikstyverier mv.;2025K4;94
Holstebro;Tyveri/brugstyveri af cykel;2025K4;59
Holstebro;Røveri;2025K4;4
Holstebro;Hærværk;2025K4;34
Lemvig;Straffelov i alt;2025K4;130
Lemvig;Voldsforbrydelser i alt;2025K4;6
Lemvig;Vold og lignende mod offentlig myndighed;2025K4;1
Lemvig;Indbrud i beboelser;2025K4;5
Lemvig;Butikstyverier mv.;2025K4;2
Lemvig;Tyveri/brugstyveri af cykel;2025K4;4
Lemvig;Hærværk;2025K4;32
Struer;Straffelov i alt;2025K4;134
Struer;Voldsforbrydelser i alt;2025K4;27
Struer;Vold og lignende mod offentlig myndighed;2025K4;7
Struer;Indbrud i beboelser;2025K4;6
Struer;Butikstyverier mv.;2025K4;15
Struer;Tyveri/brugstyveri af cykel;2025K4;24
Struer;Røveri;2025K4;1
Struer;Hærværk;2025K4;15
Syddjurs;Straffelov i alt;2025K4;356
Syddjurs;Voldsforbrydelser i alt;2025K4;28
Syddjurs;Vold og lignende mod offentlig myndighed;2025K4;3
Syddjurs;Indbrud i beboelser;2025K4;33
Syddjurs;Butikstyverier mv.;2025K4;19
Syddjurs;Tyveri/brugstyveri af cykel;2025K4;12
Syddjurs;Hærværk;2025K4;72
Norddjurs;Straffelov i alt;2025K4;280
Norddjurs;Voldsforbrydelser i alt;2025K4;40
Norddjurs;Vold og lignende mod offentlig myndighed;2025K4;13
Norddjurs;Indbrud i beboelser;2025K4;29
Norddjurs;Butikstyverier mv.;2025K4;26
Norddjurs;Tyveri/brugstyveri af cykel;2025K4;5
Norddjurs;Hærværk;2025K4;25
Favrskov;Straffelov i alt;2025K4;258
Favrskov;Voldsforbrydelser i alt;2025K4;32
Favrskov;Vold og lignende mod offentlig myndighed;2025K4;23
Favrskov;Indbrud i beboelser;2025K4;30
Favrskov;Butikstyverier mv.;2025K4;17
Favrskov;Tyveri/brugstyveri af cykel;2025K4;15
Favrskov;Røveri;2025K4;1
Favrskov;Hærværk;2025K4;28
Odder;Straffelov i alt;2025K4;134
Odder;Voldsforbrydelser i alt;2025K4;11
Odder;Indbrud i beboelser;2025K4;13
Odder;Butikstyverier mv.;2025K4;4
Odder;Tyveri/brugstyveri af cykel;2025K4;6
Odder;Røveri;2025K4;1
Odder;Hærværk;2025K4;25
Randers;Straffelov i alt;2025K4;892
Randers;Voldsforbrydelser i alt;2025K4;113
Randers;Vold og lignende mod offentlig myndighed;2025K4;49
Randers;Indbrud i beboelser;2025K4;84
Randers;Butikstyverier mv.;2025K4;102
Randers;Tyveri/brugstyveri af cykel;2025K4;75
Randers;Røveri;2025K4;6
Randers;Hærværk;2025K4;67
Silkeborg;Straffelov i alt;2025K4;764
Silkeborg;Voldsforbrydelser i alt;2025K4;90
Silkeborg;Vold og lignende mod offentlig myndighed;2025K4;26
Silkeborg;Opløb/forstyrrelse af offentlig orden;2025K4;3
Silkeborg;Indbrud i beboelser;2025K4;112
Silkeborg;Butikstyverier mv.;2025K4;62
Silkeborg;Tyveri/brugstyveri af cykel;2025K4;76
Silkeborg;Røveri;2025K4;2
Silkeborg;Hærværk;2025K4;74
Samsø;Straffelov i alt;2025K4;24
Samsø;Voldsforbrydelser i alt;2025K4;4
Samsø;Vold og lignende mod offentlig myndighed;2025K4;1
Samsø;Butikstyverier mv.;2025K4;2
Samsø;Tyveri/brugstyveri af cykel;2025K4;4
Samsø;Hærværk;2025K4;6
Skanderborg;Straffelov i alt;2025K4;399
Skanderborg;Voldsforbrydelser i alt;2025K4;35
Skanderborg;Vold og lignende mod offentlig myndighed;2025K4;11
Skanderborg;Indbrud i beboelser;2025K4;68
Skanderborg;Butikstyverier mv.;2025K4;41
Skanderborg;Tyveri/brugstyveri af cykel;2025K4;23
Skanderborg;Røveri;2025K4;1
Skanderborg;Hærværk;2025K4;29
Aarhus;Straffelov i alt;2025K4;5010
Aarhus;Voldsforbrydelser i alt;2025K4;345
Aarhus;Vold og lignende mod offentlig myndighed;2025K4;108
Aarhus;Opløb/forstyrrelse af offentlig orden;2025K4;2
Aarhus;Indbrud i beboelser;2025K4;462
Aarhus;Butikstyverier mv.;2025K4;484
Aarhus;Tyveri/brugstyveri af cykel;2025K4;1010
Aarhus;Røveri;2025K4;33
Aarhus;Hærværk;2025K4;319
Ikast-Brande;Straffelov i alt;2025K4;432
Ikast-Brande;Voldsforbrydelser i alt;2025K4;43
Ikast-Brande;Vold og lignende mod offentlig myndighed;2025K4;14
Ikast-Brande;Indbrud i beboelser;2025K4;55
Ikast-Brande;Butikstyverier mv.;2025K4;45
Ikast-Brande;Tyveri/brugstyveri af cykel;2025K4;22
Ikast-Brande;Røveri;2025K4;3
Ikast-Brande;Hærværk;2025K4;85
Ringkøbing-Skjern;Straffelov i alt;2025K4;280
Ringkøbing-Skjern;Voldsforbrydelser i alt;2025K4;21
Ringkøbing-Skjern;Vold og lignende mod offentlig myndighed;2025K4;4
Ringkøbing-Skjern;Indbrud i beboelser;2025K4;20
Ringkøbing-Skjern;Butikstyverier mv.;2025K4;18
Ringkøbing-Skjern;Tyveri/brugstyveri af cykel;2025K4;18
Ringkøbing-Skjern;Hærværk;2025K4;39
Hedensted;Straffelov i alt;2025K4;324
Hedensted;Voldsforbrydelser i alt;2025K4;24
Hedensted;Vold og lignende mod offentlig myndighed;2025K4;3
Hedensted;Indbrud i beboelser;2025K4;28
Hedensted;Butikstyverier mv.;2025K4;11
Hedensted;Tyveri/brugstyveri af cykel;2025K4;10
Hedensted;Hærværk;2025K4;15
Morsø;Straffelov i alt;2025K4;94
Morsø;Voldsforbrydelser i alt;2025K4;10
Morsø;Vold og lignende mod offentlig myndighed;2025K4;1
Morsø;Indbrud i beboelser;2025K4;22
Morsø;Butikstyverier mv.;2025K4;1
Morsø;Tyveri/brugstyveri af cykel;2025K4;3
Morsø;Hærværk;2025K4;6
Skive;Straffelov i alt;2025K4;365
Skive;Voldsforbrydelser i alt;2025K4;43
Skive;Vold og lignende mod offentlig myndighed;2025K4;11
Skive;Opløb/forstyrrelse af offentlig orden;2025K4;1
Skive;Indbrud i beboelser;2025K4;48
Skive;Butikstyverier mv.;2025K4;34
Skive;Tyveri/brugstyveri af cykel;2025K4;23
Skive;Røveri;2025K4;7
Skive;Hærværk;2025K4;26
Thisted;Straffelov i alt;2025K4;187
Thisted;Voldsforbrydelser i alt;2025K4;38
Thisted;Vold og lignende mod offentlig myndighed;2025K4;4
Thisted;Indbrud i beboelser;2025K4;14
Thisted;Butikstyverier mv.;2025K4;10
Thisted;Tyveri/brugstyveri af cykel;2025K4;8
Thisted;Røveri;2025K4;1
Thisted;Hærværk;2025K4;23
Viborg;Straffelov i alt;2025K4;836
Viborg;Voldsforbrydelser i alt;2025K4;110
Viborg;Vold og lignende mod offentlig myndighed;2025K4;34
Viborg;Indbrud i beboelser;2025K4;111
Viborg;Butikstyverier mv.;2025K4;87
Viborg;Tyveri/brugstyveri af cykel;2025K4;62
Viborg;Røveri;2025K4;5
Viborg;Hærværk;2025K4;90
Brønderslev;Straffelov i alt;2025K4;197
Brønderslev;Voldsforbrydelser i alt;2025K4;31
Brønderslev;Vold og lignende mod offentlig myndighed;2025K4;6
Brønderslev;Indbrud i beboelser;2025K4;10
Brønderslev;Butikstyverier mv.;2025K4;6
Brønderslev;Tyveri/brugstyveri af cykel;2025K4;11
Brønderslev;Hærværk;2025K4;17
Frederikshavn;Straffelov i alt;2025K4;438
Frederikshavn;Voldsforbrydelser i alt;2025K4;68
Frederikshavn;Vold og lignende mod offentlig myndighed;2025K4;27
Frederikshavn;Indbrud i beboelser;2025K4;18
Frederikshavn;Butikstyverier mv.;2025K4;46
Frederikshavn;Tyveri/brugstyveri af cykel;2025K4;45
Frederikshavn;Røveri;2025K4;3
Frederikshavn;Hærværk;2025K4;56
Vesthimmerlands;Straffelov i alt;2025K4;267
Vesthimmerlands;Voldsforbrydelser i alt;2025K4;58
Vesthimmerlands;Vold og lignende mod offentlig myndighed;2025K4;26
Vesthimmerlands;Indbrud i beboelser;2025K4;21
Vesthimmerlands;Butikstyverier mv.;2025K4;20
Vesthimmerlands;Tyveri/brugstyveri af cykel;2025K4;8
Vesthimmerlands;Hærværk;2025K4;30
Læsø;Straffelov i alt;2025K4;8
Læsø;Hærværk;2025K4;4
Rebild;Straffelov i alt;2025K4;142
Rebild;Voldsforbrydelser i alt;2025K4;16
Rebild;Vold og lignende mod offentlig myndighed;2025K4;2
Rebild;Indbrud i beboelser;2025K4;29
Rebild;Butikstyverier mv.;2025K4;3
Rebild;Tyveri/brugstyveri af cykel;2025K4;4
Rebild;Røveri;2025K4;1
Rebild;Hærværk;2025K4;11
Mariagerfjord;Straffelov i alt;2025K4;347
Mariagerfjord;Voldsforbrydelser i alt;2025K4;58
Mariagerfjord;Vold og lignende mod offentlig myndighed;2025K4;14
Mariagerfjord;Indbrud i beboelser;2025K4;27
Mariagerfjord;Butikstyverier mv.;2025K4;18
Mariagerfjord;Tyveri/brugstyveri af cykel;2025K4;12
Mariagerfjord;Røveri;2025K4;1
Mariagerfjord;Hærværk;2025K4;53
Jammerbugt;Straffelov i alt;2025K4;255
Jammerbugt;Voldsforbrydelser i alt;2025K4;58
Jammerbugt;Vold og lignende mod offentlig myndighed;2025K4;35
Jammerbugt;Indbrud i beboelser;2025K4;8
Jammerbugt;Butikstyverier mv.;2025K4;8
Jammerbugt;Tyveri/brugstyveri af cykel;2025K4;5
Jammerbugt;Hærværk;2025K4;30
Aalborg;Straffelov i alt;2025K4;2073
Aalborg;Voldsforbrydelser i alt;2025K4;233
Aalborg;Vold og lignende mod offentlig myndighed;2025K4;57
Aalborg;Opløb/forstyrrelse af offentlig orden;2025K4;1
Aalborg;Indbrud i beboelser;2025K4;135
Aalborg;Butikstyverier mv.;2025K4;288
Aalborg;Tyveri/brugstyveri af cykel;2025K4;364
Aalborg;Røveri;2025K4;12
Aalborg;Hærværk;2025K4;133
Hjørring;Straffelov i alt;2025K4;437
Hjørring;Voldsforbrydelser i alt;2025K4;79
Hjørring;Vold og lignende mod offentlig myndighed;2025K4;33
Hjørring;Indbrud i beboelser;2025K4;13
Hjørring;Butikstyverier mv.;2025K4;62
Hjørring;Tyveri/brugstyveri af cykel;2025K4;23
Hjørring;Røveri;2025K4;1
Hjørring;Hærværk;2025K4;42
Uoplyst kommune;Straffelov i alt;2025K4;7968
Uoplyst kommune;Voldsforbrydelser i alt;2025K4;357
Uoplyst kommune;Vold og lignende mod offentlig myndighed;2025K4;29
Uoplyst kommune;Indbrud i beboelser;2025K4;2
Uoplyst kommune;Butikstyverier mv.;2025K4;10
Uoplyst kommune;Røveri;2025K4;2
Uoplyst kommune;Hærværk;2025K4;10
